level,subject_code,subject_name,l1_code,l1_name,l2_code,l2_name,l3_code,l3_name,source_doc,source_section,sort_order
初級,A1,人工智慧基礎概論,L11,人工智慧基礎概論,L111,人工智慧概念,L11101,AI的定義與分類,115年度AI應用規劃師能力鑑定簡章 2026/04/10,2.5 評鑑主題與評鑑內容,1
初級,A1,人工智慧基礎概論,L11,人工智慧基礎概論,L111,人工智慧概念,L11102,AI治理概念,115年度AI應用規劃師能力鑑定簡章 2026/04/10,2.5 評鑑主題與評鑑內容,2
初級,A1,人工智慧基礎概論,L11,人工智慧基礎概論,L112,資料處理與分析概念,L11201,資料基本概念與來源,115年度AI應用規劃師能力鑑定簡章 2026/04/10,2.5 評鑑主題與評鑑內容,3
初級,A1,人工智慧基礎概論,L11,人工智慧基礎概論,L112,資料處理與分析概念,L11202,資料整理與分析流程,115年度AI應用規劃師能力鑑定簡章 2026/04/10,2.5 評鑑主題與評鑑內容,4
初級,A1,人工智慧基礎概論,L11,人工智慧基礎概論,L112,資料處理與分析概念,L11203,資料隱私與安全,115年度AI應用規劃師能力鑑定簡章 2026/04/10,2.5 評鑑主題與評鑑內容,5
初級,A1,人工智慧基礎概論,L11,人工智慧基礎概論,L113,機器學習概念,L11301,機器學習基本原理,115年度AI應用規劃師能力鑑定簡章 2026/04/10,2.5 評鑑主題與評鑑內容,6
初級,A1,人工智慧基礎概論,L11,人工智慧基礎概論,L113,機器學習概念,L11302,常見的機器學習模型,115年度AI應用規劃師能力鑑定簡章 2026/04/10,2.5 評鑑主題與評鑑內容,7
初級,A1,人工智慧基礎概論,L11,人工智慧基礎概論,L114,鑑別式 AI 與生成式 AI 概念,L11401,鑑別式AI與生成式AI的基本原理,115年度AI應用規劃師能力鑑定簡章 2026/04/10,2.5 評鑑主題與評鑑內容,8
初級,A1,人工智慧基礎概論,L11,人工智慧基礎概論,L114,鑑別式 AI 與生成式 AI 概念,L11402,鑑別式AI與生成式AI的整合應用,115年度AI應用規劃師能力鑑定簡章 2026/04/10,2.5 評鑑主題與評鑑內容,9
初級,A2,生成式AI應用與規劃,L12,生成式 AI 應用與規劃,L121,No code / Low code 概念,L12101,No Code / Low Code的基本概念,115年度AI應用規劃師能力鑑定簡章 2026/04/10,2.5 評鑑主題與評鑑內容,10
初級,A2,生成式AI應用與規劃,L12,生成式 AI 應用與規劃,L121,No code / Low code 概念,L12102,No Code / Low Code的優勢與限制,115年度AI應用規劃師能力鑑定簡章 2026/04/10,2.5 評鑑主題與評鑑內容,11
初級,A2,生成式AI應用與規劃,L12,生成式 AI 應用與規劃,L122,生成式 AI 應用領域與工具使用,L12201,生成式AI應用領域與常見工具,115年度AI應用規劃師能力鑑定簡章 2026/04/10,2.5 評鑑主題與評鑑內容,12
初級,A2,生成式AI應用與規劃,L12,生成式 AI 應用與規劃,L122,生成式 AI 應用領域與工具使用,L12202,如何善用生成式AI工具,115年度AI應用規劃師能力鑑定簡章 2026/04/10,2.5 評鑑主題與評鑑內容,13
初級,A2,生成式AI應用與規劃,L12,生成式 AI 應用與規劃,L123,生成式 AI 導入評估規劃,L12301,生成式AI導入評估,115年度AI應用規劃師能力鑑定簡章 2026/04/10,2.5 評鑑主題與評鑑內容,14
初級,A2,生成式AI應用與規劃,L12,生成式 AI 應用與規劃,L123,生成式 AI 導入評估規劃,L12302,生成式AI導入規劃,115年度AI應用規劃師能力鑑定簡章 2026/04/10,2.5 評鑑主題與評鑑內容,15
初級,A2,生成式AI應用與規劃,L12,生成式 AI 應用與規劃,L123,生成式 AI 導入評估規劃,L12303,生成式AI風險管理,115年度AI應用規劃師能力鑑定簡章 2026/04/10,2.5 評鑑主題與評鑑內容,16
中級,B1,人工智慧技術應用與規劃,L21,人工智慧技術應用與規劃,L211,AI 相關技術應用,L21101,自然語言處理技術與應用,115年度AI應用規劃師能力鑑定簡章 2026/04/10,2.5 評鑑主題與評鑑內容,17
中級,B1,人工智慧技術應用與規劃,L21,人工智慧技術應用與規劃,L211,AI 相關技術應用,L21102,電腦視覺技術與應用,115年度AI應用規劃師能力鑑定簡章 2026/04/10,2.5 評鑑主題與評鑑內容,18
中級,B1,人工智慧技術應用與規劃,L21,人工智慧技術應用與規劃,L211,AI 相關技術應用,L21103,生成式AI技術與應用,115年度AI應用規劃師能力鑑定簡章 2026/04/10,2.5 評鑑主題與評鑑內容,19
中級,B1,人工智慧技術應用與規劃,L21,人工智慧技術應用與規劃,L211,AI 相關技術應用,L21104,多模態人工智慧應用,115年度AI應用規劃師能力鑑定簡章 2026/04/10,2.5 評鑑主題與評鑑內容,20
中級,B1,人工智慧技術應用與規劃,L21,人工智慧技術應用與規劃,L212,AI 導入評估規劃,L21201,AI導入評估,115年度AI應用規劃師能力鑑定簡章 2026/04/10,2.5 評鑑主題與評鑑內容,21
中級,B1,人工智慧技術應用與規劃,L21,人工智慧技術應用與規劃,L212,AI 導入評估規劃,L21202,AI導入規劃,115年度AI應用規劃師能力鑑定簡章 2026/04/10,2.5 評鑑主題與評鑑內容,22
中級,B1,人工智慧技術應用與規劃,L21,人工智慧技術應用與規劃,L212,AI 導入評估規劃,L21203,AI風險管理,115年度AI應用規劃師能力鑑定簡章 2026/04/10,2.5 評鑑主題與評鑑內容,23
中級,B1,人工智慧技術應用與規劃,L21,人工智慧技術應用與規劃,L213,AI 技術應用與系統部署,L21301,數據準備與模型選擇,115年度AI應用規劃師能力鑑定簡章 2026/04/10,2.5 評鑑主題與評鑑內容,24
中級,B1,人工智慧技術應用與規劃,L21,人工智慧技術應用與規劃,L213,AI 技術應用與系統部署,L21302,AI技術系統集成與部署,115年度AI應用規劃師能力鑑定簡章 2026/04/10,2.5 評鑑主題與評鑑內容,25
中級,B2,大數據處理分析與應用,L22,大數據處理分析與應用,L221,機率統計基礎,L22101,敘述性統計與資料摘要技術,115年度AI應用規劃師能力鑑定簡章 2026/04/10,2.5 評鑑主題與評鑑內容,26
中級,B2,大數據處理分析與應用,L22,大數據處理分析與應用,L221,機率統計基礎,L22102,機率分佈與資料分佈模型,115年度AI應用規劃師能力鑑定簡章 2026/04/10,2.5 評鑑主題與評鑑內容,27
中級,B2,大數據處理分析與應用,L22,大數據處理分析與應用,L221,機率統計基礎,L22103,假設檢定與統計推論,115年度AI應用規劃師能力鑑定簡章 2026/04/10,2.5 評鑑主題與評鑑內容,28
中級,B2,大數據處理分析與應用,L22,大數據處理分析與應用,L222,大數據處理技術,L22201,數據收集與清理,115年度AI應用規劃師能力鑑定簡章 2026/04/10,2.5 評鑑主題與評鑑內容,29
中級,B2,大數據處理分析與應用,L22,大數據處理分析與應用,L222,大數據處理技術,L22202,數據儲存與管理,115年度AI應用規劃師能力鑑定簡章 2026/04/10,2.5 評鑑主題與評鑑內容,30
中級,B2,大數據處理分析與應用,L22,大數據處理分析與應用,L222,大數據處理技術,L22203,數據處理技術與工具,115年度AI應用規劃師能力鑑定簡章 2026/04/10,2.5 評鑑主題與評鑑內容,31
中級,B2,大數據處理分析與應用,L22,大數據處理分析與應用,L223,大數據分析方法與工具,L22301,統計學在大數據中的應用,115年度AI應用規劃師能力鑑定簡章 2026/04/10,2.5 評鑑主題與評鑑內容,32
中級,B2,大數據處理分析與應用,L22,大數據處理分析與應用,L223,大數據分析方法與工具,L22302,常見的大數據分析方法,115年度AI應用規劃師能力鑑定簡章 2026/04/10,2.5 評鑑主題與評鑑內容,33
中級,B2,大數據處理分析與應用,L22,大數據處理分析與應用,L223,大數據分析方法與工具,L22303,數據可視化工具,115年度AI應用規劃師能力鑑定簡章 2026/04/10,2.5 評鑑主題與評鑑內容,34
中級,B2,大數據處理分析與應用,L22,大數據處理分析與應用,L224,大數據在人工智慧之應用,L22401,大數據與機器學習,115年度AI應用規劃師能力鑑定簡章 2026/04/10,2.5 評鑑主題與評鑑內容,35
中級,B2,大數據處理分析與應用,L22,大數據處理分析與應用,L224,大數據在人工智慧之應用,L22402,大數據在鑑別式AI中的應用,115年度AI應用規劃師能力鑑定簡章 2026/04/10,2.5 評鑑主題與評鑑內容,36
中級,B2,大數據處理分析與應用,L22,大數據處理分析與應用,L224,大數據在人工智慧之應用,L22403,大數據在生成式AI中的應用,115年度AI應用規劃師能力鑑定簡章 2026/04/10,2.5 評鑑主題與評鑑內容,37
中級,B2,大數據處理分析與應用,L22,大數據處理分析與應用,L224,大數據在人工智慧之應用,L22404,大數據隱私保護、安全與合規,115年度AI應用規劃師能力鑑定簡章 2026/04/10,2.5 評鑑主題與評鑑內容,38
中級,B3,機器學習技術與應用,L23,機器學習技術與應用,L231,機器學習基礎數學,L23101,機率/統計之機器學習基礎應用,115年度AI應用規劃師能力鑑定簡章 2026/04/10,2.5 評鑑主題與評鑑內容,39
中級,B3,機器學習技術與應用,L23,機器學習技術與應用,L231,機器學習基礎數學,L23102,線性代數之機器學習基礎應用,115年度AI應用規劃師能力鑑定簡章 2026/04/10,2.5 評鑑主題與評鑑內容,40
中級,B3,機器學習技術與應用,L23,機器學習技術與應用,L231,機器學習基礎數學,L23103,數值優化技術與方法,115年度AI應用規劃師能力鑑定簡章 2026/04/10,2.5 評鑑主題與評鑑內容,41
中級,B3,機器學習技術與應用,L23,機器學習技術與應用,L232,機器學習與深度學習,L23201,機器學習原理與技術,115年度AI應用規劃師能力鑑定簡章 2026/04/10,2.5 評鑑主題與評鑑內容,42
中級,B3,機器學習技術與應用,L23,機器學習技術與應用,L232,機器學習與深度學習,L23202,常見機器學習演算法,115年度AI應用規劃師能力鑑定簡章 2026/04/10,2.5 評鑑主題與評鑑內容,43
中級,B3,機器學習技術與應用,L23,機器學習技術與應用,L232,機器學習與深度學習,L23203,深度學習原理與框架,115年度AI應用規劃師能力鑑定簡章 2026/04/10,2.5 評鑑主題與評鑑內容,44
中級,B3,機器學習技術與應用,L23,機器學習技術與應用,L233,機器學習建模與參數調校,L23301,數據準備與特徵工程,115年度AI應用規劃師能力鑑定簡章 2026/04/10,2.5 評鑑主題與評鑑內容,45
中級,B3,機器學習技術與應用,L23,機器學習技術與應用,L233,機器學習建模與參數調校,L23302,模型選擇與架構設計,115年度AI應用規劃師能力鑑定簡章 2026/04/10,2.5 評鑑主題與評鑑內容,46
中級,B3,機器學習技術與應用,L23,機器學習技術與應用,L233,機器學習建模與參數調校,L23303,模型訓練、評估與驗證,115年度AI應用規劃師能力鑑定簡章 2026/04/10,2.5 評鑑主題與評鑑內容,47
中級,B3,機器學習技術與應用,L23,機器學習技術與應用,L233,機器學習建模與參數調校,L23304,模型調整與優化,115年度AI應用規劃師能力鑑定簡章 2026/04/10,2.5 評鑑主題與評鑑內容,48
中級,B3,機器學習技術與應用,L23,機器學習技術與應用,L234,機器學習治理,L23401,數據隱私、安全與合規,115年度AI應用規劃師能力鑑定簡章 2026/04/10,2.5 評鑑主題與評鑑內容,49
中級,B3,機器學習技術與應用,L23,機器學習技術與應用,L234,機器學習治理,L23402,演算法偏見與公平性,115年度AI應用規劃師能力鑑定簡章 2026/04/10,2.5 評鑑主題與評鑑內容,50