編號,分類,對應PDF,PDF題號,CSV題號,內容判定,答案判定,溯源判定,題號判定,顯示判定,圖片依賴,內嵌圖片數,差異類型,內容差異明細,其他問題,差異摘要
A1-001,A1,114年第四梯次初級AI應用規劃師第一科人工智慧基礎概論(當次試題公告114_20251226000442.pdf,1,1,PASS,PASS,PASS,PASS,PASS,否,0,-,完全一致,-,
A1-002,A1,114年第四梯次初級AI應用規劃師第一科人工智慧基礎概論(當次試題公告114_20251226000442.pdf,2,2,PASS,PASS,PASS,PASS,PASS,否,0,-,完全一致,-,
A1-003,A1,114年第四梯次初級AI應用規劃師第一科人工智慧基礎概論(當次試題公告114_20251226000442.pdf,3,3,PASS,PASS,PASS,PASS,PASS,否,0,-,完全一致,-,
A1-004,A1,114年第四梯次初級AI應用規劃師第一科人工智慧基礎概論(當次試題公告114_20251226000442.pdf,4,4,PASS,PASS,PASS,PASS,PASS,否,0,-,完全一致,-,
A1-005,A1,114年第四梯次初級AI應用規劃師第一科人工智慧基礎概論(當次試題公告114_20251226000442.pdf,5,5,PASS,PASS,PASS,PASS,PASS,是,0,-,完全一致,-,
A1-006,A1,114年第四梯次初級AI應用規劃師第一科人工智慧基礎概論(當次試題公告114_20251226000442.pdf,6,6,PASS,PASS,PASS,PASS,PASS,否,0,-,完全一致,-,
A1-007,A1,114年第四梯次初級AI應用規劃師第一科人工智慧基礎概論(當次試題公告114_20251226000442.pdf,7,7,PASS,PASS,PASS,PASS,PASS,否,0,-,完全一致,-,
A1-008,A1,114年第四梯次初級AI應用規劃師第一科人工智慧基礎概論(當次試題公告114_20251226000442.pdf,8,8,PASS,PASS,PASS,PASS,PASS,否,0,-,完全一致,-,
A1-009,A1,114年第四梯次初級AI應用規劃師第一科人工智慧基礎概論(當次試題公告114_20251226000442.pdf,9,9,PASS,PASS,PASS,PASS,PASS,否,0,-,完全一致,-,
A1-010,A1,114年第四梯次初級AI應用規劃師第一科人工智慧基礎概論(當次試題公告114_20251226000442.pdf,10,10,PASS,PASS,PASS,PASS,PASS,否,0,-,完全一致,-,
A1-011,A1,114年第四梯次初級AI應用規劃師第一科人工智慧基礎概論(當次試題公告114_20251226000442.pdf,11,11,PASS,PASS,PASS,PASS,PASS,否,0,-,完全一致,-,
A1-012,A1,114年第四梯次初級AI應用規劃師第一科人工智慧基礎概論(當次試題公告114_20251226000442.pdf,12,12,PASS,PASS,PASS,PASS,PASS,否,0,-,完全一致,-,
A1-013,A1,114年第四梯次初級AI應用規劃師第一科人工智慧基礎概論(當次試題公告114_20251226000442.pdf,13,13,PASS,PASS,PASS,PASS,PASS,否,0,-,完全一致,-,
A1-014,A1,114年第四梯次初級AI應用規劃師第一科人工智慧基礎概論(當次試題公告114_20251226000442.pdf,14,14,PASS,PASS,PASS,PASS,PASS,否,0,-,完全一致,-,
A1-015,A1,114年第四梯次初級AI應用規劃師第一科人工智慧基礎概論(當次試題公告114_20251226000442.pdf,15,15,PASS,PASS,PASS,PASS,PASS,否,0,-,完全一致,-,
A1-016,A1,114年第四梯次初級AI應用規劃師第一科人工智慧基礎概論(當次試題公告114_20251226000442.pdf,16,16,PASS,PASS,PASS,PASS,PASS,否,0,-,完全一致,-,
A1-017,A1,114年第四梯次初級AI應用規劃師第一科人工智慧基礎概論(當次試題公告114_20251226000442.pdf,17,17,FAIL,PASS,PASS,PASS,PASS,否,0,C5 字元層級瑕疵,題幹不符（C5：刪0/增0/改1）,-,"PDF「一間金融科技公司設計一款智慧投資系統,該系統會根據市場變化自動決定""買進"",""持有""或""賣出""的行動,並根據每次交易後的盈虧結果,逐步優化下一次的投資策略.整個」｜CSV「一間金融科技公司設計一款智慧投資系統,該系統會根據市場變化自動決定""買進"",""持有""或""賣出""的行動,並根據每次交易後的盈虧結果,逐步優化下一次的投資策略.整個」"
A1-018,A1,114年第四梯次初級AI應用規劃師第一科人工智慧基礎概論(當次試題公告114_20251226000442.pdf,18,18,PASS,PASS,PASS,PASS,PASS,否,0,-,完全一致,-,
A1-019,A1,114年第四梯次初級AI應用規劃師第一科人工智慧基礎概論(當次試題公告114_20251226000442.pdf,19,19,PASS,PASS,PASS,PASS,PASS,否,0,-,完全一致,-,
A1-020,A1,114年第四梯次初級AI應用規劃師第一科人工智慧基礎概論(當次試題公告114_20251226000442.pdf,20,20,PASS,PASS,PASS,PASS,PASS,否,0,-,完全一致,-,
A1-021,A1,114年第四梯次初級AI應用規劃師第一科人工智慧基礎概論(當次試題公告114_20251226000442.pdf,21,21,PASS,PASS,PASS,PASS,PASS,否,0,-,完全一致,-,
A1-022,A1,114年第四梯次初級AI應用規劃師第一科人工智慧基礎概論(當次試題公告114_20251226000442.pdf,22,22,PASS,PASS,PASS,PASS,PASS,否,0,-,完全一致,-,
A1-023,A1,114年第四梯次初級AI應用規劃師第一科人工智慧基礎概論(當次試題公告114_20251226000442.pdf,23,23,PASS,PASS,PASS,PASS,PASS,否,0,-,完全一致,-,
A1-024,A1,114年第四梯次初級AI應用規劃師第一科人工智慧基礎概論(當次試題公告114_20251226000442.pdf,24,24,PASS,PASS,PASS,PASS,PASS,否,0,-,完全一致,-,
A1-025,A1,114年第四梯次初級AI應用規劃師第一科人工智慧基礎概論(當次試題公告114_20251226000442.pdf,25,25,PASS,PASS,PASS,PASS,PASS,否,0,-,完全一致,-,
A1-026,A1,114年第四梯次初級AI應用規劃師第一科人工智慧基礎概論(當次試題公告114_20251226000442.pdf,26,26,PASS,PASS,PASS,PASS,PASS,是,0,-,完全一致,-,
A1-027,A1,114年第四梯次初級AI應用規劃師第一科人工智慧基礎概論(當次試題公告114_20251226000442.pdf,27,27,PASS,PASS,PASS,PASS,PASS,否,0,-,完全一致,-,
A1-028,A1,114年第四梯次初級AI應用規劃師第一科人工智慧基礎概論(當次試題公告114_20251226000442.pdf,28,28,PASS,PASS,PASS,PASS,PASS,否,0,-,完全一致,-,
A1-029,A1,114年第四梯次初級AI應用規劃師第一科人工智慧基礎概論(當次試題公告114_20251226000442.pdf,29,29,PASS,PASS,PASS,PASS,PASS,否,0,-,完全一致,-,
A1-030,A1,114年第四梯次初級AI應用規劃師第一科人工智慧基礎概論(當次試題公告114_20251226000442.pdf,30,30,PASS,PASS,PASS,PASS,PASS,否,0,-,完全一致,-,
A1-031,A1,114年第四梯次初級AI應用規劃師第一科人工智慧基礎概論(當次試題公告114_20251226000442.pdf,31,31,PASS,PASS,PASS,PASS,PASS,否,0,-,完全一致,-,
A1-032,A1,114年第四梯次初級AI應用規劃師第一科人工智慧基礎概論(當次試題公告114_20251226000442.pdf,32,32,PASS,PASS,PASS,PASS,PASS,否,0,-,完全一致,-,
A1-033,A1,114年第四梯次初級AI應用規劃師第一科人工智慧基礎概論(當次試題公告114_20251226000442.pdf,33,33,PASS,PASS,PASS,PASS,PASS,否,0,-,完全一致,-,
A1-034,A1,114年第四梯次初級AI應用規劃師第一科人工智慧基礎概論(當次試題公告114_20251226000442.pdf,34,34,PASS,PASS,PASS,PASS,PASS,否,0,-,完全一致,-,
A1-035,A1,114年第四梯次初級AI應用規劃師第一科人工智慧基礎概論(當次試題公告114_20251226000442.pdf,35,35,PASS,PASS,PASS,PASS,PASS,否,0,-,完全一致,-,
A1-036,A1,114年第四梯次初級AI應用規劃師第一科人工智慧基礎概論(當次試題公告114_20251226000442.pdf,36,36,PASS,PASS,PASS,PASS,PASS,否,0,-,完全一致,-,
A1-037,A1,114年第四梯次初級AI應用規劃師第一科人工智慧基礎概論(當次試題公告114_20251226000442.pdf,37,37,PASS,PASS,PASS,PASS,PASS,否,0,-,完全一致,-,
A1-038,A1,114年第四梯次初級AI應用規劃師第一科人工智慧基礎概論(當次試題公告114_20251226000442.pdf,38,38,PASS,PASS,PASS,PASS,PASS,否,0,-,完全一致,-,
A1-039,A1,114年第四梯次初級AI應用規劃師第一科人工智慧基礎概論(當次試題公告114_20251226000442.pdf,39,39,PASS,PASS,PASS,PASS,PASS,否,0,-,完全一致,-,
A1-040,A1,114年第四梯次初級AI應用規劃師第一科人工智慧基礎概論(當次試題公告114_20251226000442.pdf,40,40,PASS,PASS,PASS,PASS,PASS,否,0,-,完全一致,-,
A1-041,A1,114年第四梯次初級AI應用規劃師第一科人工智慧基礎概論(當次試題公告114_20251226000442.pdf,41,41,PASS,PASS,PASS,PASS,PASS,否,0,-,完全一致,-,
A1-042,A1,114年第四梯次初級AI應用規劃師第一科人工智慧基礎概論(當次試題公告114_20251226000442.pdf,42,42,PASS,PASS,PASS,PASS,PASS,否,0,-,完全一致,-,
A1-043,A1,114年第四梯次初級AI應用規劃師第一科人工智慧基礎概論(當次試題公告114_20251226000442.pdf,43,43,PASS,PASS,PASS,PASS,PASS,否,0,-,完全一致,-,
A1-044,A1,114年第四梯次初級AI應用規劃師第一科人工智慧基礎概論(當次試題公告114_20251226000442.pdf,44,44,PASS,PASS,PASS,PASS,PASS,否,0,-,完全一致,-,
A1-045,A1,114年第四梯次初級AI應用規劃師第一科人工智慧基礎概論(當次試題公告114_20251226000442.pdf,45,45,PASS,PASS,PASS,PASS,PASS,否,0,-,完全一致,-,
A1-046,A1,114年第四梯次初級AI應用規劃師第一科人工智慧基礎概論(當次試題公告114_20251226000442.pdf,46,46,PASS,PASS,PASS,PASS,PASS,否,0,-,完全一致,-,
A1-047,A1,114年第四梯次初級AI應用規劃師第一科人工智慧基礎概論(當次試題公告114_20251226000442.pdf,47,47,PASS,PASS,PASS,PASS,PASS,否,0,-,完全一致,-,
A1-048,A1,114年第四梯次初級AI應用規劃師第一科人工智慧基礎概論(當次試題公告114_20251226000442.pdf,48,48,PASS,PASS,PASS,PASS,PASS,否,0,-,完全一致,-,
A1-049,A1,114年第四梯次初級AI應用規劃師第一科人工智慧基礎概論(當次試題公告114_20251226000442.pdf,49,49,PASS,PASS,PASS,PASS,PASS,否,0,-,完全一致,-,
A1-050,A1,114年第四梯次初級AI應用規劃師第一科人工智慧基礎概論(當次試題公告114_20251226000442.pdf,50,50,PASS,PASS,PASS,PASS,PASS,否,0,-,完全一致,-,
A2-001,A2,114年第四梯次初級AI應用規劃師第二科生成式AI應用與規劃(當次試題公告114_20251226000507.pdf,1,1,PASS,PASS,PASS,PASS,PASS,是,0,-,完全一致,-,
A2-002,A2,114年第四梯次初級AI應用規劃師第二科生成式AI應用與規劃(當次試題公告114_20251226000507.pdf,2,2,PASS,PASS,PASS,PASS,PASS,否,0,-,完全一致,-,
A2-003,A2,114年第四梯次初級AI應用規劃師第二科生成式AI應用與規劃(當次試題公告114_20251226000507.pdf,3,3,PASS,PASS,PASS,PASS,PASS,否,0,-,完全一致,-,
A2-004,A2,114年第四梯次初級AI應用規劃師第二科生成式AI應用與規劃(當次試題公告114_20251226000507.pdf,4,4,PASS,PASS,PASS,PASS,PASS,否,0,-,完全一致,-,
A2-005,A2,114年第四梯次初級AI應用規劃師第二科生成式AI應用與規劃(當次試題公告114_20251226000507.pdf,5,5,PASS,PASS,PASS,PASS,PASS,否,0,-,完全一致,-,
A2-006,A2,114年第四梯次初級AI應用規劃師第二科生成式AI應用與規劃(當次試題公告114_20251226000507.pdf,6,6,PASS,PASS,PASS,PASS,PASS,否,0,-,完全一致,-,
A2-007,A2,114年第四梯次初級AI應用規劃師第二科生成式AI應用與規劃(當次試題公告114_20251226000507.pdf,7,7,PASS,PASS,PASS,PASS,PASS,是,0,-,完全一致,-,
A2-008,A2,114年第四梯次初級AI應用規劃師第二科生成式AI應用與規劃(當次試題公告114_20251226000507.pdf,8,8,PASS,PASS,PASS,PASS,PASS,否,0,-,完全一致,-,
A2-009,A2,114年第四梯次初級AI應用規劃師第二科生成式AI應用與規劃(當次試題公告114_20251226000507.pdf,9,9,PASS,PASS,PASS,PASS,PASS,否,0,-,完全一致,-,
A2-010,A2,114年第四梯次初級AI應用規劃師第二科生成式AI應用與規劃(當次試題公告114_20251226000507.pdf,10,10,PASS,PASS,PASS,PASS,PASS,否,0,-,完全一致,-,
A2-011,A2,114年第四梯次初級AI應用規劃師第二科生成式AI應用與規劃(當次試題公告114_20251226000507.pdf,11,11,PASS,PASS,PASS,PASS,PASS,否,0,-,完全一致,-,
A2-012,A2,114年第四梯次初級AI應用規劃師第二科生成式AI應用與規劃(當次試題公告114_20251226000507.pdf,12,12,PASS,PASS,PASS,PASS,PASS,否,0,-,完全一致,-,
A2-013,A2,114年第四梯次初級AI應用規劃師第二科生成式AI應用與規劃(當次試題公告114_20251226000507.pdf,13,13,PASS,PASS,PASS,PASS,PASS,是,0,-,完全一致,-,
A2-014,A2,114年第四梯次初級AI應用規劃師第二科生成式AI應用與規劃(當次試題公告114_20251226000507.pdf,14,14,PASS,PASS,PASS,PASS,PASS,否,0,-,完全一致,-,
A2-015,A2,114年第四梯次初級AI應用規劃師第二科生成式AI應用與規劃(當次試題公告114_20251226000507.pdf,15,15,PASS,PASS,PASS,PASS,PASS,否,0,-,完全一致,-,
A2-016,A2,114年第四梯次初級AI應用規劃師第二科生成式AI應用與規劃(當次試題公告114_20251226000507.pdf,16,16,PASS,PASS,PASS,PASS,PASS,否,0,-,完全一致,-,
A2-017,A2,114年第四梯次初級AI應用規劃師第二科生成式AI應用與規劃(當次試題公告114_20251226000507.pdf,17,17,PASS,PASS,PASS,PASS,PASS,否,0,-,完全一致,-,
A2-018,A2,114年第四梯次初級AI應用規劃師第二科生成式AI應用與規劃(當次試題公告114_20251226000507.pdf,18,18,PASS,PASS,PASS,PASS,PASS,否,0,-,完全一致,-,
A2-019,A2,114年第四梯次初級AI應用規劃師第二科生成式AI應用與規劃(當次試題公告114_20251226000507.pdf,19,19,PASS,PASS,PASS,PASS,PASS,否,0,-,完全一致,-,
A2-020,A2,114年第四梯次初級AI應用規劃師第二科生成式AI應用與規劃(當次試題公告114_20251226000507.pdf,20,20,PASS,PASS,PASS,PASS,PASS,否,0,-,完全一致,-,
A2-021,A2,114年第四梯次初級AI應用規劃師第二科生成式AI應用與規劃(當次試題公告114_20251226000507.pdf,21,21,PASS,PASS,PASS,PASS,PASS,否,0,-,完全一致,-,
A2-022,A2,114年第四梯次初級AI應用規劃師第二科生成式AI應用與規劃(當次試題公告114_20251226000507.pdf,22,22,PASS,PASS,PASS,PASS,PASS,否,0,-,完全一致,-,
A2-023,A2,114年第四梯次初級AI應用規劃師第二科生成式AI應用與規劃(當次試題公告114_20251226000507.pdf,23,23,PASS,PASS,PASS,PASS,PASS,否,0,-,完全一致,-,
A2-024,A2,114年第四梯次初級AI應用規劃師第二科生成式AI應用與規劃(當次試題公告114_20251226000507.pdf,24,24,PASS,PASS,PASS,PASS,PASS,否,0,-,完全一致,-,
A2-025,A2,114年第四梯次初級AI應用規劃師第二科生成式AI應用與規劃(當次試題公告114_20251226000507.pdf,25,25,PASS,PASS,PASS,PASS,PASS,否,0,-,完全一致,-,
A2-026,A2,114年第四梯次初級AI應用規劃師第二科生成式AI應用與規劃(當次試題公告114_20251226000507.pdf,26,26,PASS,PASS,PASS,PASS,PASS,否,0,-,完全一致,-,
A2-027,A2,114年第四梯次初級AI應用規劃師第二科生成式AI應用與規劃(當次試題公告114_20251226000507.pdf,27,27,PASS,PASS,PASS,PASS,PASS,否,0,-,完全一致,-,
A2-028,A2,114年第四梯次初級AI應用規劃師第二科生成式AI應用與規劃(當次試題公告114_20251226000507.pdf,28,28,PASS,PASS,PASS,PASS,PASS,否,0,-,完全一致,-,
A2-029,A2,114年第四梯次初級AI應用規劃師第二科生成式AI應用與規劃(當次試題公告114_20251226000507.pdf,29,29,PASS,PASS,PASS,PASS,PASS,否,0,-,完全一致,-,
A2-030,A2,114年第四梯次初級AI應用規劃師第二科生成式AI應用與規劃(當次試題公告114_20251226000507.pdf,30,30,PASS,PASS,PASS,PASS,PASS,否,0,-,完全一致,-,
A2-031,A2,114年第四梯次初級AI應用規劃師第二科生成式AI應用與規劃(當次試題公告114_20251226000507.pdf,31,31,PASS,PASS,PASS,PASS,PASS,否,0,-,完全一致,-,
A2-032,A2,114年第四梯次初級AI應用規劃師第二科生成式AI應用與規劃(當次試題公告114_20251226000507.pdf,32,32,PASS,PASS,PASS,PASS,PASS,否,0,-,完全一致,-,
A2-033,A2,114年第四梯次初級AI應用規劃師第二科生成式AI應用與規劃(當次試題公告114_20251226000507.pdf,33,33,PASS,PASS,PASS,PASS,PASS,否,0,-,完全一致,-,
A2-034,A2,114年第四梯次初級AI應用規劃師第二科生成式AI應用與規劃(當次試題公告114_20251226000507.pdf,34,34,PASS,PASS,PASS,PASS,PASS,否,0,-,完全一致,-,
A2-035,A2,114年第四梯次初級AI應用規劃師第二科生成式AI應用與規劃(當次試題公告114_20251226000507.pdf,35,35,PASS,PASS,PASS,PASS,PASS,否,0,-,完全一致,-,
A2-036,A2,114年第四梯次初級AI應用規劃師第二科生成式AI應用與規劃(當次試題公告114_20251226000507.pdf,36,36,PASS,PASS,PASS,PASS,PASS,否,0,-,完全一致,-,
A2-037,A2,114年第四梯次初級AI應用規劃師第二科生成式AI應用與規劃(當次試題公告114_20251226000507.pdf,37,37,PASS,PASS,PASS,PASS,PASS,否,0,-,完全一致,-,
A2-038,A2,114年第四梯次初級AI應用規劃師第二科生成式AI應用與規劃(當次試題公告114_20251226000507.pdf,38,38,PASS,PASS,PASS,PASS,PASS,否,0,-,完全一致,-,
A2-039,A2,114年第四梯次初級AI應用規劃師第二科生成式AI應用與規劃(當次試題公告114_20251226000507.pdf,39,39,PASS,PASS,PASS,PASS,PASS,否,0,-,完全一致,-,
A2-040,A2,114年第四梯次初級AI應用規劃師第二科生成式AI應用與規劃(當次試題公告114_20251226000507.pdf,40,40,PASS,PASS,PASS,PASS,PASS,否,0,-,完全一致,-,
A2-041,A2,114年第四梯次初級AI應用規劃師第二科生成式AI應用與規劃(當次試題公告114_20251226000507.pdf,41,41,PASS,PASS,PASS,PASS,PASS,否,0,-,完全一致,-,
A2-042,A2,114年第四梯次初級AI應用規劃師第二科生成式AI應用與規劃(當次試題公告114_20251226000507.pdf,42,42,PASS,PASS,PASS,PASS,PASS,否,0,-,完全一致,-,
A2-043,A2,114年第四梯次初級AI應用規劃師第二科生成式AI應用與規劃(當次試題公告114_20251226000507.pdf,43,43,PASS,PASS,PASS,PASS,PASS,是,0,-,完全一致,-,
A2-044,A2,114年第四梯次初級AI應用規劃師第二科生成式AI應用與規劃(當次試題公告114_20251226000507.pdf,44,44,PASS,PASS,PASS,PASS,PASS,否,0,-,完全一致,-,
A2-045,A2,114年第四梯次初級AI應用規劃師第二科生成式AI應用與規劃(當次試題公告114_20251226000507.pdf,45,45,PASS,PASS,PASS,PASS,PASS,否,0,-,完全一致,-,
A2-046,A2,114年第四梯次初級AI應用規劃師第二科生成式AI應用與規劃(當次試題公告114_20251226000507.pdf,46,46,PASS,PASS,PASS,PASS,PASS,否,0,-,完全一致,-,
A2-047,A2,114年第四梯次初級AI應用規劃師第二科生成式AI應用與規劃(當次試題公告114_20251226000507.pdf,47,47,PASS,PASS,PASS,PASS,PASS,否,0,-,完全一致,-,
A2-048,A2,114年第四梯次初級AI應用規劃師第二科生成式AI應用與規劃(當次試題公告114_20251226000507.pdf,48,48,PASS,PASS,PASS,PASS,PASS,否,0,-,完全一致,-,
A2-049,A2,114年第四梯次初級AI應用規劃師第二科生成式AI應用與規劃(當次試題公告114_20251226000507.pdf,49,49,PASS,PASS,PASS,PASS,PASS,否,0,-,完全一致,-,
A2-050,A2,114年第四梯次初級AI應用規劃師第二科生成式AI應用與規劃(當次試題公告114_20251226000507.pdf,50,50,PASS,PASS,PASS,PASS,PASS,否,0,-,完全一致,-,
B1-001,B1,114年第二梯次中級AI應用規劃師第一科人工智慧技術應用與規劃(當次試題公告114_20251226000616.pdf,1,1,PASS,PASS,PASS,PASS,PASS,否,0,-,完全一致,-,
B1-002,B1,114年第二梯次中級AI應用規劃師第一科人工智慧技術應用與規劃(當次試題公告114_20251226000616.pdf,2,2,PASS,PASS,PASS,PASS,PASS,否,0,-,完全一致,-,
B1-003,B1,114年第二梯次中級AI應用規劃師第一科人工智慧技術應用與規劃(當次試題公告114_20251226000616.pdf,3,3,PASS,PASS,PASS,PASS,PASS,否,0,-,完全一致,-,
B1-004,B1,114年第二梯次中級AI應用規劃師第一科人工智慧技術應用與規劃(當次試題公告114_20251226000616.pdf,4,4,PASS,PASS,PASS,PASS,PASS,否,0,-,完全一致,-,
B1-005,B1,114年第二梯次中級AI應用規劃師第一科人工智慧技術應用與規劃(當次試題公告114_20251226000616.pdf,5,5,PASS,PASS,PASS,PASS,PASS,否,0,-,完全一致,-,
B1-006,B1,114年第二梯次中級AI應用規劃師第一科人工智慧技術應用與規劃(當次試題公告114_20251226000616.pdf,6,6,PASS,PASS,PASS,PASS,PASS,否,0,-,完全一致,-,
B1-007,B1,114年第二梯次中級AI應用規劃師第一科人工智慧技術應用與規劃(當次試題公告114_20251226000616.pdf,7,7,PASS,PASS,PASS,PASS,PASS,否,0,-,完全一致,-,
B1-008,B1,114年第二梯次中級AI應用規劃師第一科人工智慧技術應用與規劃(當次試題公告114_20251226000616.pdf,8,8,PASS,PASS,PASS,PASS,PASS,否,0,-,完全一致,-,
B1-009,B1,114年第二梯次中級AI應用規劃師第一科人工智慧技術應用與規劃(當次試題公告114_20251226000616.pdf,9,9,PASS,PASS,PASS,PASS,PASS,否,0,-,完全一致,-,
B1-010,B1,114年第二梯次中級AI應用規劃師第一科人工智慧技術應用與規劃(當次試題公告114_20251226000616.pdf,10,10,PASS,PASS,PASS,PASS,PASS,否,0,-,完全一致,-,
B1-011,B1,114年第二梯次中級AI應用規劃師第一科人工智慧技術應用與規劃(當次試題公告114_20251226000616.pdf,11,11,PASS,PASS,PASS,PASS,PASS,否,0,-,完全一致,-,
B1-012,B1,114年第二梯次中級AI應用規劃師第一科人工智慧技術應用與規劃(當次試題公告114_20251226000616.pdf,12,12,PASS,PASS,PASS,PASS,PASS,否,0,-,完全一致,-,
B1-013,B1,114年第二梯次中級AI應用規劃師第一科人工智慧技術應用與規劃(當次試題公告114_20251226000616.pdf,13,13,PASS,PASS,PASS,PASS,PASS,否,0,-,完全一致,-,
B1-014,B1,114年第二梯次中級AI應用規劃師第一科人工智慧技術應用與規劃(當次試題公告114_20251226000616.pdf,14,14,PASS,PASS,PASS,PASS,PASS,是,0,-,完全一致,-,
B1-015,B1,114年第二梯次中級AI應用規劃師第一科人工智慧技術應用與規劃(當次試題公告114_20251226000616.pdf,15,15,PASS,PASS,PASS,PASS,PASS,否,0,-,完全一致,-,
B1-016,B1,114年第二梯次中級AI應用規劃師第一科人工智慧技術應用與規劃(當次試題公告114_20251226000616.pdf,16,16,PASS,PASS,PASS,PASS,PASS,否,0,-,完全一致,-,
B1-017,B1,114年第二梯次中級AI應用規劃師第一科人工智慧技術應用與規劃(當次試題公告114_20251226000616.pdf,17,17,PASS,PASS,PASS,PASS,PASS,否,0,-,完全一致,-,
B1-018,B1,114年第二梯次中級AI應用規劃師第一科人工智慧技術應用與規劃(當次試題公告114_20251226000616.pdf,18,18,PASS,PASS,PASS,PASS,PASS,否,0,-,完全一致,-,
B1-019,B1,114年第二梯次中級AI應用規劃師第一科人工智慧技術應用與規劃(當次試題公告114_20251226000616.pdf,19,19,PASS,PASS,PASS,PASS,PASS,否,0,-,完全一致,-,
B1-020,B1,114年第二梯次中級AI應用規劃師第一科人工智慧技術應用與規劃(當次試題公告114_20251226000616.pdf,20,20,PASS,PASS,PASS,PASS,PASS,否,0,-,完全一致,-,
B1-021,B1,114年第二梯次中級AI應用規劃師第一科人工智慧技術應用與規劃(當次試題公告114_20251226000616.pdf,21,21,PASS,PASS,PASS,PASS,PASS,否,0,-,完全一致,-,
B1-022,B1,114年第二梯次中級AI應用規劃師第一科人工智慧技術應用與規劃(當次試題公告114_20251226000616.pdf,22,22,PASS,PASS,PASS,PASS,PASS,否,0,-,完全一致,-,
B1-023,B1,114年第二梯次中級AI應用規劃師第一科人工智慧技術應用與規劃(當次試題公告114_20251226000616.pdf,23,23,PASS,PASS,PASS,PASS,PASS,否,0,-,完全一致,-,
B1-024,B1,114年第二梯次中級AI應用規劃師第一科人工智慧技術應用與規劃(當次試題公告114_20251226000616.pdf,24,24,PASS,PASS,PASS,PASS,PASS,否,0,-,完全一致,-,
B1-025,B1,114年第二梯次中級AI應用規劃師第一科人工智慧技術應用與規劃(當次試題公告114_20251226000616.pdf,25,25,PASS,PASS,PASS,PASS,PASS,否,0,-,完全一致,-,
B1-026,B1,114年第二梯次中級AI應用規劃師第一科人工智慧技術應用與規劃(當次試題公告114_20251226000616.pdf,26,26,PASS,PASS,PASS,PASS,PASS,否,0,-,完全一致,-,
B1-027,B1,114年第二梯次中級AI應用規劃師第一科人工智慧技術應用與規劃(當次試題公告114_20251226000616.pdf,27,27,PASS,PASS,PASS,PASS,PASS,否,0,-,完全一致,-,
B1-028,B1,114年第二梯次中級AI應用規劃師第一科人工智慧技術應用與規劃(當次試題公告114_20251226000616.pdf,28,28,PASS,PASS,PASS,PASS,PASS,否,0,-,完全一致,-,
B1-029,B1,114年第二梯次中級AI應用規劃師第一科人工智慧技術應用與規劃(當次試題公告114_20251226000616.pdf,29,29,PASS,PASS,PASS,PASS,PASS,是,0,-,完全一致,-,
B1-030,B1,114年第二梯次中級AI應用規劃師第一科人工智慧技術應用與規劃(當次試題公告114_20251226000616.pdf,30,30,PASS,PASS,PASS,PASS,PASS,否,0,-,完全一致,-,
B1-031,B1,114年第二梯次中級AI應用規劃師第一科人工智慧技術應用與規劃(當次試題公告114_20251226000616.pdf,31,31,PASS,PASS,PASS,PASS,PASS,否,0,-,完全一致,-,
B1-032,B1,114年第二梯次中級AI應用規劃師第一科人工智慧技術應用與規劃(當次試題公告114_20251226000616.pdf,32,32,PASS,PASS,PASS,PASS,PASS,否,0,-,完全一致,-,
B1-033,B1,114年第二梯次中級AI應用規劃師第一科人工智慧技術應用與規劃(當次試題公告114_20251226000616.pdf,33,33,PASS,PASS,PASS,PASS,PASS,否,0,-,完全一致,-,
B1-034,B1,114年第二梯次中級AI應用規劃師第一科人工智慧技術應用與規劃(當次試題公告114_20251226000616.pdf,34,34,FAIL,FAIL,PASS,PASS,PASS,否,0,C0 答案錯誤,答案錯誤：PDF=D(應為4)，CSV=3,-,
B1-035,B1,114年第二梯次中級AI應用規劃師第一科人工智慧技術應用與規劃(當次試題公告114_20251226000616.pdf,35,35,PASS,PASS,PASS,PASS,PASS,否,0,-,完全一致,-,
B1-036,B1,114年第二梯次中級AI應用規劃師第一科人工智慧技術應用與規劃(當次試題公告114_20251226000616.pdf,36,36,PASS,PASS,PASS,PASS,PASS,是,0,-,完全一致,-,
B1-037,B1,114年第二梯次中級AI應用規劃師第一科人工智慧技術應用與規劃(當次試題公告114_20251226000616.pdf,37,37,PASS,PASS,PASS,PASS,PASS,否,0,-,完全一致,-,
B1-038,B1,114年第二梯次中級AI應用規劃師第一科人工智慧技術應用與規劃(當次試題公告114_20251226000616.pdf,38,38,PASS,PASS,PASS,PASS,PASS,否,0,-,完全一致,-,
B1-039,B1,114年第二梯次中級AI應用規劃師第一科人工智慧技術應用與規劃(當次試題公告114_20251226000616.pdf,39,39,PASS,PASS,PASS,PASS,PASS,否,0,-,完全一致,-,
B1-040,B1,114年第二梯次中級AI應用規劃師第一科人工智慧技術應用與規劃(當次試題公告114_20251226000616.pdf,40,40,PASS,PASS,PASS,PASS,PASS,否,0,-,完全一致,-,
B1-041,B1,114年第二梯次中級AI應用規劃師第一科人工智慧技術應用與規劃(當次試題公告114_20251226000616.pdf,41,41,PASS,PASS,PASS,PASS,PASS,否,0,-,完全一致,-,
B1-042,B1,114年第二梯次中級AI應用規劃師第一科人工智慧技術應用與規劃(當次試題公告114_20251226000616.pdf,42,42,PASS,PASS,PASS,PASS,PASS,否,0,-,完全一致,-,
B1-043,B1,114年第二梯次中級AI應用規劃師第一科人工智慧技術應用與規劃(當次試題公告114_20251226000616.pdf,43,43,PASS,PASS,PASS,PASS,PASS,否,0,-,完全一致,-,
B1-044,B1,114年第二梯次中級AI應用規劃師第一科人工智慧技術應用與規劃(當次試題公告114_20251226000616.pdf,44,44,PASS,PASS,PASS,PASS,PASS,否,0,-,完全一致,-,
B1-045,B1,114年第二梯次中級AI應用規劃師第一科人工智慧技術應用與規劃(當次試題公告114_20251226000616.pdf,45,45,PASS,PASS,PASS,PASS,PASS,否,0,-,完全一致,-,
B1-046,B1,114年第二梯次中級AI應用規劃師第一科人工智慧技術應用與規劃(當次試題公告114_20251226000616.pdf,46,46,PASS,PASS,PASS,PASS,PASS,否,0,-,完全一致,-,
B1-047,B1,114年第二梯次中級AI應用規劃師第一科人工智慧技術應用與規劃(當次試題公告114_20251226000616.pdf,47,47,PASS,PASS,PASS,PASS,PASS,否,0,-,完全一致,-,
B1-048,B1,114年第二梯次中級AI應用規劃師第一科人工智慧技術應用與規劃(當次試題公告114_20251226000616.pdf,48,48,PASS,PASS,PASS,PASS,PASS,否,0,-,完全一致,-,
B1-049,B1,114年第二梯次中級AI應用規劃師第一科人工智慧技術應用與規劃(當次試題公告114_20251226000616.pdf,49,49,PASS,PASS,PASS,PASS,PASS,否,0,-,完全一致,-,
B1-050,B1,114年第二梯次中級AI應用規劃師第一科人工智慧技術應用與規劃(當次試題公告114_20251226000616.pdf,50,50,PASS,PASS,PASS,PASS,PASS,否,0,-,完全一致,-,
B2-001,B2,114年第二梯次中級AI應用規劃師第二科大數據處理分析與應用(當次試題公告114_20251226000634.pdf,1,1,PASS,PASS,PASS,PASS,PASS,否,0,-,完全一致,-,
B2-002,B2,114年第二梯次中級AI應用規劃師第二科大數據處理分析與應用(當次試題公告114_20251226000634.pdf,2,2,PASS,PASS,PASS,PASS,PASS,否,0,-,完全一致,-,
B2-003,B2,114年第二梯次中級AI應用規劃師第二科大數據處理分析與應用(當次試題公告114_20251226000634.pdf,3,3,FAIL,PASS,PASS,PASS,PASS,是,1,C1 圖片內容以文字補寫,題幹不符（C1：刪0/增9/改0）,-,"PDF「附圖為某資料之分佈圖,此圖資料之偏態(Skewness)值較有可能為下列哪個選項?」｜CSV「附圖為某資料之分佈圖,此圖資料之偏態(Skewness)值較有可能為下列哪個選項?(圖顯示長尾向左)」"
B2-004,B2,114年第二梯次中級AI應用規劃師第二科大數據處理分析與應用(當次試題公告114_20251226000634.pdf,4,4,PASS,PASS,PASS,PASS,PASS,否,0,-,完全一致,-,
B2-005,B2,114年第二梯次中級AI應用規劃師第二科大數據處理分析與應用(當次試題公告114_20251226000634.pdf,5,5,PASS,PASS,PASS,PASS,PASS,否,0,-,完全一致,-,
B2-006,B2,114年第二梯次中級AI應用規劃師第二科大數據處理分析與應用(當次試題公告114_20251226000634.pdf,6,6,FAIL,PASS,PASS,PASS,PASS,否,0,C2 內容刪節,選項1不符（C2：刪61/增0/改0） | 選項2不符（C2：刪39/增0/改0） | 選項3不符（C2：刪18/增0/改0） | 選項4不符（C2：刪31/增0/改0）,-,"PDF「One-Hot編碼(One-HotEncoding)會將類別變數轉換為多維二元向量,適用於無序(Nominal)類別資料,但在高基數(HighCardinali」｜CSV「One-Hot編碼適用於無序類別資料,但在高基數特徵下可能造成維度爆炸」"
B2-007,B2,114年第二梯次中級AI應用規劃師第二科大數據處理分析與應用(當次試題公告114_20251226000634.pdf,7,7,PASS,PASS,PASS,PASS,PASS,否,0,-,完全一致,-,
B2-008,B2,114年第二梯次中級AI應用規劃師第二科大數據處理分析與應用(當次試題公告114_20251226000634.pdf,8,8,PASS,PASS,PASS,PASS,PASS,否,0,-,完全一致,-,
B2-009,B2,114年第二梯次中級AI應用規劃師第二科大數據處理分析與應用(當次試題公告114_20251226000634.pdf,9,9,PASS,PASS,PASS,PASS,PASS,否,0,-,完全一致,-,
B2-010,B2,114年第二梯次中級AI應用規劃師第二科大數據處理分析與應用(當次試題公告114_20251226000634.pdf,10,10,FAIL,PASS,PASS,PASS,PASS,否,0,C6 文字改寫,選項1不符（C6：刪10/增0/改0） | 選項2不符（C6：刪8/增0/改0）,-,"PDF「根據歷史銷售資料預測特定商品在旺季期間是否會出現供貨短缺,以提前調整庫存策略」｜CSV「根據歷史銷售資料預測特定商品在旺季期間是否會出現供貨短缺」"
B2-011,B2,114年第二梯次中級AI應用規劃師第二科大數據處理分析與應用(當次試題公告114_20251226000634.pdf,11,11,PASS,PASS,PASS,PASS,PASS,否,0,-,完全一致,-,
B2-012,B2,114年第二梯次中級AI應用規劃師第二科大數據處理分析與應用(當次試題公告114_20251226000634.pdf,12,12,PASS,PASS,PASS,PASS,PASS,否,0,-,完全一致,-,
B2-013,B2,114年第二梯次中級AI應用規劃師第二科大數據處理分析與應用(當次試題公告114_20251226000634.pdf,13,13,PASS,PASS,PASS,PASS,PASS,否,0,-,完全一致,-,
B2-014,B2,114年第二梯次中級AI應用規劃師第二科大數據處理分析與應用(當次試題公告114_20251226000634.pdf,14,14,FAIL,PASS,PASS,PASS,PASS,否,0,C5 字元層級瑕疵,題幹不符（C5：刪0/增1/改0）,-,"PDF「某組資料共10項標籤如下:A,A,A,A,A,B,B,B,B,B若該標籤僅有A,B兩種,請問這組資料的""正規化吉尼不純度(NormalizedGiniimpur」｜CSV「某組資料共10項標籤如下:A,A,A,A,A,B,B,B,B,B.若該標籤僅有A,B兩種,請問這組資料的""正規化吉尼不純度(NormalizedGiniimpu」"
B2-015,B2,114年第二梯次中級AI應用規劃師第二科大數據處理分析與應用(當次試題公告114_20251226000634.pdf,15,15,FAIL,PASS,PASS,PASS,PASS,否,0,C2 內容刪節,題幹不符（C2：刪42/增0/改0）,-,"PDF「某家客服中心統計資料發現,平均每小時會接到約20通顧客來電,但每分鐘的來電數量不固定,可能為0,1,2通不等.這些來電事件彼此獨立,且在短時間內,發生的機率與時」｜CSV「某家客服中心統計資料發現,這些來電事件彼此獨立,且在短時間內,發生的機率與時間長短成正比.若要以機率模型描述""每分鐘接到幾通來電""的機率分佈,下列哪一種最適合使」"
B2-016,B2,114年第二梯次中級AI應用規劃師第二科大數據處理分析與應用(當次試題公告114_20251226000634.pdf,16,16,FAIL,PASS,PASS,PASS,PASS,否,0,C6 文字改寫,題幹不符（C6：刪0/增0/改32）,-,"PDF「某金融科技公司以Z分數(Z-Score)監控交易金額異常狀況.若交易金額平均為新台幣2,000元,標準差為400元,某筆交易金額為3,200元,且公司以|Z|≥」｜CSV「某金融科技公司以Z分數(Z-Score)監控交易金額異常狀況.若交易金額平均為新台幣2,000元,標準差為400元,某筆交易金額為3,200元,且公司以\」"
B2-017,B2,114年第二梯次中級AI應用規劃師第二科大數據處理分析與應用(當次試題公告114_20251226000634.pdf,17,17,FAIL,PASS,PASS,PASS,PASS,否,0,C2 內容刪節; C6 文字改寫,選項1不符（C6：刪7/增0/改0） | 選項3不符（C6：刪13/增0/改0） | 選項4不符（C2：刪32/增0/改0）,-,"PDF「應優先採用獨熱編碼(One-HotEncoding),以減少類別之間的相依性與記憶體使用量」｜CSV「應優先採用獨熱編碼(One-HotEncoding),以減少類別之間的相依性」"
B2-018,B2,114年第二梯次中級AI應用規劃師第二科大數據處理分析與應用(當次試題公告114_20251226000634.pdf,18,18,FAIL,PASS,PASS,PASS,PASS,否,0,C2 內容刪節; C6 文字改寫,題幹不符（C2：刪46/增0/改0） | 選項1不符（C6：刪10/增0/改0）,-,"PDF「某人工智慧團隊使用分散式資料庫(DistributedDatabase)儲存模型訓練資料,並在更新訓練樣本時啟用多節點交易.若其中一個節點在交易過程中發生錯誤,」｜CSV「某人工智慧團隊使用分散式資料庫,若其中一個節點在交易過程中發生錯誤,但系統仍確保整體資料不會出現部分更新,最終狀態維持一致,下列何者最能說明此現象?」"
B2-019,B2,114年第二梯次中級AI應用規劃師第二科大數據處理分析與應用(當次試題公告114_20251226000634.pdf,19,19,FAIL,PASS,PASS,PASS,PASS,否,0,C2 內容刪節; C5 字元層級瑕疵,題幹不符（C2：刪24/增0/改0） | 選項1不符（C5：刪1/增0/改0） | 選項3不符（C2：刪27/增0/改0） | 選項4不符（C5：刪1/增0/改0）,-,"PDF「某製造企業導入上萬台物聯網(IoT)感測器以進行設備健康監測.系統需在毫秒級回應異常事件,並同時將完整資料保留於雲端供後續AI模型訓練與分析.若企業希望兼顧即時」｜CSV「某製造企業導入物聯網(IoT)感測器.系統需在毫秒級回應異常事件,並同時將完整資料保留於雲端.若企業希望兼顧即時性,資料完整性與可擴展性,下列哪一種資料流程設計」"
B2-020,B2,114年第二梯次中級AI應用規劃師第二科大數據處理分析與應用(當次試題公告114_20251226000634.pdf,20,20,FAIL,PASS,PASS,PASS,PASS,否,0,C2 內容刪節; C6 文字改寫,題幹不符（C2：刪47/增0/改0） | 選項1不符（C6：刪14/增0/改0） | 選項2不符（C2：刪16/增0/改0） | 選項3不符（C2：刪17/增0/改0） | 選項4不符（C6：刪13/增0/改0）,-,"PDF「某銀行計畫將信用風險評估模型部署至雲端平台,以便即時分析客戶交易行為.由於涉及大量敏感金融資料,銀行要求雲端服務商在不解密原始資料的情況下仍能執行模型運算.為達」｜CSV「某銀行要求雲端服務商在不解密原始資料的情況下仍能執行模型運算.為達成此目標,最適合採用下列哪一項技術?」"
B2-021,B2,114年第二梯次中級AI應用規劃師第二科大數據處理分析與應用(當次試題公告114_20251226000634.pdf,21,21,FAIL,PASS,PASS,PASS,PASS,否,0,C2 內容刪節; C6 文字改寫,題幹不符（C2：刪31/增0/改0） | 選項1不符（C6：刪8/增0/改0） | 選項3不符（C6：刪5/增0/改0） | 選項4不符（C2：刪17/增0/改0）,-,"PDF「某資料分析師設計在業務績效報告時,希望單一頁面中同時呈現多區域,不同產品線的銷售趨勢變化,並確保主管能在短時間內掌握整體資料走向.若依據EdwardRolfTu」｜CSV「某資料分析師希望單一頁面中同時呈現多區域,不同產品線的銷售趨勢變化.若依據EdwardRolfTufte的數據密度(DataDensity)原則,下列哪一種設計」"
B2-022,B2,114年第二梯次中級AI應用規劃師第二科大數據處理分析與應用(當次試題公告114_20251226000634.pdf,22,22,FAIL,PASS,PASS,PASS,PASS,否,0,C2 內容刪節; C6 文字改寫,題幹不符（C2：刪21/增0/改9） | 選項1不符（C6：刪8/增0/改0） | 選項2不符（C2：刪16/增0/改0） | 選項3不符（C6：刪10/增0/改0）,-,"PDF「某投資研究員希望分析四檔科技類股(A,B,C,D)每日報酬率的變化趨勢,以判斷這些股票之間是否存在高度相關性與共變動性,並評估投資組合分散風險的程度.若研究員希」｜CSV「某投資研究員希望分析四檔股票每日報酬率的變化趨勢,以判斷這些股票之間是否存在高度相關性與共變動性.若希望以單一圖表快速呈現各股票間的關聯強度與方向,下列哪一種視」"
B2-023,B2,114年第二梯次中級AI應用規劃師第二科大數據處理分析與應用(當次試題公告114_20251226000634.pdf,23,23,FAIL,PASS,PASS,PASS,PASS,否,0,C2 內容刪節,題幹不符（C2：刪38/增0/改0）,-,"PDF「某研究團隊以單樣本t檢定(one-samplet-test)檢驗""新行銷策略後的平均月銷售額是否與原本的100萬元不同"",顯著水準設定為α=0.05.檢定結果顯」｜CSV「某研究團隊以單樣本t檢定檢驗""平均月銷售額是否與原本的100萬元不同"",顯著水準α=0.05.檢定結果:p值=0.08,95%信賴區間為[95萬元,108萬元]」"
B2-024,B2,114年第二梯次中級AI應用規劃師第二科大數據處理分析與應用(當次試題公告114_20251226000634.pdf,24,24,FAIL,PASS,PASS,PASS,PASS,否,0,C2 內容刪節; C5 字元層級瑕疵; C6 文字改寫,題幹不符（C2：刪48/增0/改1） | 選項1不符（C2：刪26/增0/改0） | 選項2不符（C6：刪14/增0/改0） | 選項3不符（C5：刪2/增0/改0）,-,"PDF「某企業建置生成式AI系統,利用大量客服紀錄與產品評論資料訓練語言模型,以自動生成客服回覆與知識摘要.由於資料來源多樣,且包含非結構化文字,影像與表格資訊,團隊希」｜CSV「某企業建置生成式AI系統,資料來源多樣且包含非結構化資訊.團隊希望在不降低模型效能的前提下,提升資料處理效率與一致性,下列哪一種資料處理策略最適合?」"
B2-025,B2,114年第二梯次中級AI應用規劃師第二科大數據處理分析與應用(當次試題公告114_20251226000634.pdf,25,25,FAIL,PASS,PASS,PASS,PASS,否,0,C6 文字改寫,題幹不符（C6：刪10/增0/改0）,-,"PDF「某電商資料團隊繪製顧客單筆消費金額的箱型圖後發現:四分位距(IQR)範圍極小,但上鬚線拉得很長,且在高金額區域有多筆離群值.若希望協助行銷部門依據消費層級設計分」｜CSV「某電商資料團隊繪製箱型圖發現:四分位距(IQR)範圍極小,但上鬚線拉得很長,且在高金額區域有多筆離群值.若希望協助行銷部門依據消費層級設計分群策略,下列哪一種視」"
B2-026,B2,114年第二梯次中級AI應用規劃師第二科大數據處理分析與應用(當次試題公告114_20251226000634.pdf,26,26,FAIL,PASS,PASS,PASS,PASS,否,0,C2 內容刪節; C6 文字改寫,題幹不符（C2：刪68/增0/改18） | 選項2不符（C6：刪8/增0/改0）,-,"PDF「某串流影音平台運用關聯規則學習(AssociationRuleLearning)分析用戶的觀影行為,發現若使用者觀看了科幻影集,則有較高機率接著觀看超級英雄電影」｜CSV「某串流影音平台分析用戶觀影行為,發現若觀看了科幻影集,則有較高機率接著觀看超級英雄電影.同時觀看比例為12%,觀看科幻者中有50%也觀看了超級英雄,提升度為1.」"
B2-027,B2,114年第二梯次中級AI應用規劃師第二科大數據處理分析與應用(當次試題公告114_20251226000634.pdf,27,27,FAIL,PASS,PASS,PASS,PASS,否,0,C2 內容刪節; C6 文字改寫,題幹不符（C2：刪37/增0/改2） | 選項1不符（C6：刪9/增0/改0） | 選項2不符（C6：刪9/增0/改0） | 選項3不符（C6：刪11/增0/改0）,-,"PDF「某金融科技公司分析每日上億筆交易資料,以監控客戶轉帳金額分佈與異常波動.由於資料量極大,為兼顧效率與準確度,團隊決定採用""近似分位數(ApproximateQu」｜CSV「某金融科技公司監控每日上億筆交易資料,決定採用""近似分位數(ApproximateQuantile)""方法進行資料摘要統計.下列何者最能正確反映該技術的核心目的」"
B2-028,B2,114年第二梯次中級AI應用規劃師第二科大數據處理分析與應用(當次試題公告114_20251226000634.pdf,28,28,FAIL,PASS,PASS,PASS,PASS,否,0,C2 內容刪節,題幹不符（C2：刪55/增0/改0） | 選項2不符（C2：刪18/增0/改0）,-,"PDF「若在高維度(>500維)的資料上應用DBSCAN(Density-BasedSpatialClusteringofApplicationswithNoise)演」｜CSV「若在高維度(>500維)的資料上應用DBSCAN演算法,卻發現所有資料點皆被判定為雜訊(Noise),下列何者為最有可能的原因?」"
B2-029,B2,114年第二梯次中級AI應用規劃師第二科大數據處理分析與應用(當次試題公告114_20251226000634.pdf,29,29,FAIL,PASS,PASS,PASS,PASS,否,0,C2 內容刪節; C6 文字改寫,題幹不符（C2：刪100/增2/改10） | 選項1不符（C6：刪9/增0/改0） | 選項4不符（C2：刪17/增0/改0）,-,"PDF「某團隊在開發風險評估模型時,使用主成分分析(PrincipalComponentAnalysis,PCA)進行降維.輸入資料包含三個數值欄位:""交易金額(單位:」｜CSV「使用PCA進行降維,輸入資料包含交易金額(105),交易次數(101)與年齡(102).直接帶入PCA後,第一主成分幾乎完全由""交易金額""主導.下列哪一項作法最」"
B2-030,B2,114年第二梯次中級AI應用規劃師第二科大數據處理分析與應用(當次試題公告114_20251226000634.pdf,30,30,FAIL,PASS,PASS,PASS,PASS,否,0,C2 內容刪節,題幹不符（C2：刪16/增0/改11） | 選項1不符（C2：刪21/增0/改0） | 選項4不符（C2：刪18/增0/改0）,-,"PDF「某行銷團隊想了解""廣告預算""與""銷售金額""之間的關聯程度.經繪製散佈圖後發現兩者呈現明顯線性趨勢,且資料中無明顯離群值(Outliers).若希望衡量兩者之間線」｜CSV「某行銷團隊想了解""廣告預算""與""銷售金額""之間的關聯程度,散佈圖顯示明顯線性趨勢且無離群值.若希望衡量兩者之間線性關係的強度與方向,下列哪一種方法最適合?」"
B2-031,B2,114年第二梯次中級AI應用規劃師第二科大數據處理分析與應用(當次試題公告114_20251226000634.pdf,31,31,FAIL,PASS,PASS,PASS,PASS,否,0,C2 內容刪節,題幹不符（C2：刪90/增1/改6） | 選項1不符（C2：刪22/增0/改0）,-,"PDF「某電商團隊觀察到,每位顧客對廣告推播的點擊行為可視為一次伯努利試驗(BernoulliTrial),單次點擊成功機率為p=0.4.當推播對象擴增至5,000位顧」｜CSV「某電商團隊將顧客點擊行為視為伯努利試驗(p=0.4).當推播對象擴增至5,000位時,若希望以常態分佈近似原始分佈,下列哪一項判斷最為合理?」"
B2-032,B2,114年第二梯次中級AI應用規劃師第二科大數據處理分析與應用(當次試題公告114_20251226000634.pdf,32,32,FAIL,PASS,PASS,PASS,PASS,否,0,C2 內容刪節; C6 文字改寫,題幹不符（C2：刪76/增0/改2） | 選項1不符（C2：刪33/增0/改0） | 選項2不符（C2：刪23/增0/改0） | 選項3不符（C2：刪36/增0/改0） | 選項4不符（C6：刪11/增0/改0）,-,"PDF「某電信公司導入生成式AI客服系統,利用過去對話紀錄與用戶行為資料訓練語言模型,在資料治理與合規審查過程中,團隊發現模型可能會在回答中生成包含真實姓名,電話或交易」｜CSV「某電信公司利用生成式AI客服系統,為確保系統符合個資法及安全隱私要求,下列哪一項作法最符合實務可行及法規原則?」"
B2-033,B2,114年第二梯次中級AI應用規劃師第二科大數據處理分析與應用(當次試題公告114_20251226000634.pdf,33,33,FAIL,PASS,PASS,PASS,PASS,否,0,C2 內容刪節; C6 文字改寫,題幹不符（C2：刪36/增0/改4） | 選項1不符（C2：刪49/增0/改0） | 選項2不符（C2：刪25/增0/改0） | 選項3不符（C6：刪8/增0/改0） | 選項4不符（C2：刪15/增0/改0）,-,"PDF「某金融機構的量化分析師在建立資產風險評估模型時,發現報酬率資料分佈明顯非對稱,且出現多次極端損失事件,使得傳統假設常態分佈的模型無法準確反映真實風險.若希望在不」｜CSV「某金融機構的資產風險評估模型,發現報酬率資料分佈明顯非對稱且有極端損失.若希望在不依賴常態分佈假設的前提下,採取更能捕捉資料極端情況的建模策略,下列哪一種方法最」"
B2-034,B2,114年第二梯次中級AI應用規劃師第二科大數據處理分析與應用(當次試題公告114_20251226000634.pdf,34,34,FAIL,PASS,PASS,PASS,PASS,否,0,C2 內容刪節; C6 文字改寫,題幹不符（C2：刪48/增0/改0） | 選項1不符（C6：刪12/增0/改0） | 選項2不符（C2：刪15/增0/改0）,-,"PDF「在圖形資料庫(GraphDatabase)中建模社群平台資料時,若每筆""按讚""行為都包含時間戳記(Timestamp)與裝置類型(DeviceType)等資訊.」｜CSV「在圖形資料庫中建模社群平台資料,每筆""按讚""行為都包含時間戳記.若希望同時保留使用者與貼文之間的互動關係,並能有效查詢""按讚""的行為屬性,下列哪一種設計方式最為」"
B2-035,B2,114年第二梯次中級AI應用規劃師第二科大數據處理分析與應用(當次試題公告114_20251226000634.pdf,35,35,FAIL,PASS,PASS,PASS,PASS,否,0,C2 內容刪節; C6 文字改寫,題幹不符（C2：刪50/增0/改0） | 選項1不符（C6：刪12/增0/改0） | 選項2不符（C2：刪26/增0/改0） | 選項3不符（C6：刪5/增0/改0）,-,"PDF「某企業欲建構知識圖譜(KnowledgeGraph),以整合內部的研究報告,專利資料與專家知識,並支援語意查詢與關聯推理.若希望模型能具備良好的語意擴展性與高效」｜CSV「某企業欲建構知識圖譜,若希望模型能具備良好的語意擴展性與高效推理能力,下列哪一種圖模型設計最為合適?」"
B2-036,B2,114年第二梯次中級AI應用規劃師第二科大數據處理分析與應用(當次試題公告114_20251226000634.pdf,36,36,FAIL,PASS,PASS,PASS,PASS,否,0,C2 內容刪節,題幹不符（C2：刪35/增0/改0） | 選項1不符（C2：刪17/增0/改0） | 選項3不符（C2：刪19/增0/改0）,-,"PDF「某研究人員欲使用線性迴歸模型(LinearRegressionModel)分析變數Y與X之間的關係,但發現Y的分佈明顯右偏,且其變異數隨X的增大而增加.為滿足模」｜CSV「使用線性迴歸模型分析變數Y與X,發現Y的分佈明顯右偏,且其變異數隨X的增大而增加.為滿足模型假設並提升配適效果,下列哪一種前處理方法最為合適?」"
B2-037,B2,114年第二梯次中級AI應用規劃師第二科大數據處理分析與應用(當次試題公告114_20251226000634.pdf,37,37,FAIL,PASS,PASS,PASS,PASS,否,0,C2 內容刪節,題幹不符（C2：刪39/增0/改0） | 選項1不符（C2：刪20/增0/改0） | 選項2不符（C2：刪21/增0/改0） | 選項4不符（C2：刪25/增0/改0）,-,"PDF「若開發一個用於罕見疾病自動診斷的分類模型,目前資料集中確診樣本僅佔不到1%,且因為標註成本高,短期內無法取得更多資料.在此情況下,若希望提升模型對少數類的偵測能」｜CSV「開發罕見疾病自動診斷分類模型,確診樣本僅佔不到1%.若希望提升模型對少數類的偵測能力,同時避免過擬合,下列哪一種策略最為合理?」"
B2-038,B2,114年第二梯次中級AI應用規劃師第二科大數據處理分析與應用(當次試題公告114_20251226000634.pdf,38,38,FAIL,PASS,PASS,PASS,PASS,否,0,C2 內容刪節; C6 文字改寫,題幹不符（C2：刪37/增0/改12） | 選項1不符（C2：刪18/增0/改0） | 選項3不符（C2：刪16/增0/改0） | 選項4不符（C6：刪7/增0/改0）,-,"PDF「一家製造廠評估新生產線推出後,產品良率是否較原生產線提升.工程師分別從兩條生產線各抽樣100件產品,原生產線良率為95%,新生產線為97%.若欲檢定兩條生產線良」｜CSV「製造廠評估產品良率是否提升(95%vs97%),各抽樣100件.若欲檢定兩條生產線良率的差異是否具有統計意義,下列哪一種方法最為合適?」"
B2-039,B2,114年第二梯次中級AI應用規劃師第二科大數據處理分析與應用(當次試題公告114_20251226000634.pdf,39,39,FAIL,PASS,PASS,PASS,PASS,否,0,C2 內容刪節; C6 文字改寫,題幹不符（C2：刪44/增0/改5） | 選項2不符（C6：刪11/增0/改0） | 選項3不符（C6：刪8/增0/改0） | 選項4不符（C6：刪12/增0/改0）,-,"PDF「若評估一個新開發的腫瘤分類模型,其資料集中有80%的樣本來自良性病例.若直接使用5-fold交叉驗證(Cross-Validation)進行模型評估,可能導致模」｜CSV「評估腫瘤分類模型,資料集中80%為良性.若直接使用5-fold交叉驗證可能導致偏差,為避免此問題,下列哪一種作法最合適?」"
B2-040,B2,114年第二梯次中級AI應用規劃師第二科大數據處理分析與應用(當次試題公告114_20251226000634.pdf,40,40,FAIL,PASS,PASS,PASS,PASS,是,1,C1 圖片內容以文字補寫; C2 內容刪節; C3 圖片題內容不完整,題幹不符（C1：刪0/增26/改19） | 選項1不符（C2：刪20/增0/改0） | 選項3不符（C2：刪23/增0/改0） | 選項4不符（C3：刪11/增0/改0）,-,"PDF「請參考附圖,下列虛擬程式碼(pseudocode)最可能是在描述何種驗證法?」｜CSV「(根據虛擬程式碼描述)對i=1到N,將第i筆資料作測試集,其餘作訓練集.這最可能是在描述何種驗證法?」"
B2-041,B2,114年第二梯次中級AI應用規劃師第二科大數據處理分析與應用(當次試題公告114_20251226000634.pdf,41,41,FAIL,PASS,PASS,PASS,PASS,是,1,C1 圖片內容以文字補寫; C2 內容刪節,題幹不符（C1：刪0/增28/改19） | 選項2不符（C2：刪32/增0/改0） | 選項3不符（C2：刪24/增0/改0） | 選項4不符（C2：刪65/增0/改0）,-,"PDF「請參考附圖,下列虛擬程式碼(pseudocode)最可能是在描述何種演算法?」｜CSV「(根據虛擬程式碼描述)隨機選擇X個中心,計算距離並指派群,更新中心直到收斂.這最可能是在描述何種演算法?」"
B2-042,B2,114年第二梯次中級AI應用規劃師第二科大數據處理分析與應用(當次試題公告114_20251226000634.pdf,42,42,FAIL,PASS,PASS,PASS,PASS,是,1,C2 內容刪節,題幹不符（C2：刪38/增0/改27） | 選項1不符（C2：刪16/增0/改0） | 選項2不符（C2：刪29/增0/改0） | 選項4不符（C2：刪362/增0/改0）,-,"PDF「考慮某生產線每小時出現瑕疵品的個數符合卜瓦松分佈(PoissonDistribution),已知平均每小時產生5個瑕疵品,附圖程式碼展示資料處理,請問下列敘述何」｜CSV「考慮生產線瑕疵品符合卜瓦松分佈,平均每小時5個.關於程式碼poisson.pmf(5,5),下列敘述何者正確?」"
B2-043,B2,114年第二梯次中級AI應用規劃師第二科大數據處理分析與應用(當次試題公告114_20251226000634.pdf,43,43,FAIL,PASS,PASS,PASS,PASS,是,2,C2 內容刪節,題幹不符（C2：刪65/增1/改135）,-,"PDF「分析師在載入資料後,檢視Year欄位的資料型態,發現它是float64,而非一般年份常用的整數.他想了解這樣的情形為什麼會發生.請問下列哪些原因可能導致這種狀況」｜CSV「分析師發現Year欄位是float64而非整數,哪些原因可能導致這種狀況?(原因A:NaN導致;原因D:包含小數點)」"
B2-044,B2,114年第二梯次中級AI應用規劃師第二科大數據處理分析與應用(當次試題公告114_20251226000634.pdf,44,44,FAIL,PASS,PASS,PASS,PASS,是,2,C2 內容刪節,題幹不符（C2：刪28/增3/改0） | 選項1不符（C2：刪26/增0/改0） | 選項2不符（C2：刪26/增0/改0） | 選項3不符（C2：刪26/增0/改0） | 選項4不符（C2：刪26/增0/改0）,-,"PDF「研究團隊接下來想要將Year欄位轉換為整數型態,以便後續進行年份趨勢分析.考慮到資料中可能包含缺失值(NaN),請選出最合適的轉換方式」｜CSV「想要將Year欄位轉換為整數型態,考慮到包含缺失值(NaN),最合適的轉換方式為何?」"
B2-045,B2,114年第二梯次中級AI應用規劃師第二科大數據處理分析與應用(當次試題公告114_20251226000634.pdf,45,45,FAIL,PASS,PASS,PASS,PASS,是,2,C2 內容刪節,題幹不符（C2：刪26/增3/改6）,-,"PDF「為了觀察各遊戲平台的市場表現,分析師想要統計每個平台的全球銷售總額,並以長條圖呈現.請選出最能正確實現此分析的程式碼」｜CSV「統計每個平台的全球銷售總額並以長條圖呈現,正確的程式碼為何?」"
B2-046,B2,114年第二梯次中級AI應用規劃師第二科大數據處理分析與應用(當次試題公告114_20251226000634.pdf,46,46,FAIL,PASS,PASS,PASS,PASS,是,2,C2 內容刪節; C3 圖片題內容不完整,題幹不符（C2：刪34/增1/改0） | 選項1不符（C3：刪0/增0/改60） | 選項2不符（C3：刪0/增0/改73） | 選項3不符（C3：刪0/增0/改86） | 選項4不符（C3：刪0/增0/改54）,-,"PDF「團隊希望比較北美,歐洲,日本及其他地區的整體銷售比例,並使用seaborn套件以長條圖的形式進行可視化分析.請選出能正確顯示這些地區銷售總額比例的程式碼」｜CSV「比較北美,歐洲,日本及其他地區的整體銷售比例,使用seaborn長條圖.正確的程式碼?」"
B2-047,B2,114年第二梯次中級AI應用規劃師第二科大數據處理分析與應用(當次試題公告114_20251226000634.pdf,47,47,FAIL,PASS,PASS,PASS,PASS,是,2,C2 內容刪節,題幹不符（C2：刪19/增1/改0） | 選項3不符（C2：刪32/增0/改21） | 選項4不符（C2：刪74/增0/改31）,-,"PDF「研究團隊想要知道在北美地區(NA)銷售成績最好的遊戲前五名,並希望以seaborn的條狀圖呈現結果.請選出能正確完成這項分析的程式碼」｜CSV「想要知道在北美地區(NA)銷售成績最好的遊戲前五名,並以seaborn條狀圖呈現.正確的程式碼?」"
B2-048,B2,114年第二梯次中級AI應用規劃師第二科大數據處理分析與應用(當次試題公告114_20251226000634.pdf,48,48,FAIL,PASS,PASS,PASS,PASS,是,2,C3 圖片題內容不完整,題幹不符（C3：刪0/增0/改13） | 選項1不符（C3：刪8/增0/改0）,-,"PDF「根據上述結果,下列何者正確?」｜CSV「根據df.describe()結果,下列何者正確?」"
B2-049,B2,114年第二梯次中級AI應用規劃師第二科大數據處理分析與應用(當次試題公告114_20251226000634.pdf,49,49,FAIL,PASS,PASS,PASS,PASS,是,3,C2 內容刪節; C3 圖片題內容不完整,題幹不符（C2：刪38/增1/改26） | 選項2不符（C3：刪4/增0/改0） | 選項3不符（C3：刪2/增0/改0） | 選項4不符（C3：刪4/增0/改0）,-,"PDF「參考下圖計算各變數的遺漏值(NaN)個數結果,下列何者正確?選項A:df.isnull().sum()選項B:df.isNaN().sum()選項C:df.is」｜CSV「計算各變數遺漏值(NaN)個數,下列何者正確?(選項A:isnull(),選項C:isna())」"
B2-050,B2,114年第二梯次中級AI應用規劃師第二科大數據處理分析與應用(當次試題公告114_20251226000634.pdf,50,50,FAIL,PASS,PASS,PASS,PASS,是,3,C2 內容刪節,題幹不符（C2：刪108/增1/改71）,-,"PDF「考慮資料集已經填補遺漏值,參考下圖執行結果,下列何者正確?A:空格1完整語法reg=LinearRegression().fit(y,X)B:空格1完整語法re」｜CSV「考慮迴歸分析程式碼執行結果,下列何者正確?(B:fit(X,y)語法正確;F:截距項係數值為3.5561)」"
B3-001,B3,114年第二梯次中級AI應用規劃師第三科機器學習技術與應用(當次試題公告114_20251226000650.pdf,1,1,PASS,PASS,PASS,PASS,PASS,否,0,-,完全一致,-,
B3-002,B3,114年第二梯次中級AI應用規劃師第三科機器學習技術與應用(當次試題公告114_20251226000650.pdf,2,2,PASS,PASS,PASS,PASS,PASS,否,0,-,完全一致,-,
B3-003,B3,114年第二梯次中級AI應用規劃師第三科機器學習技術與應用(當次試題公告114_20251226000650.pdf,3,3,PASS,PASS,PASS,PASS,PASS,否,0,-,完全一致,-,
B3-004,B3,114年第二梯次中級AI應用規劃師第三科機器學習技術與應用(當次試題公告114_20251226000650.pdf,4,4,PASS,PASS,PASS,PASS,PASS,否,0,-,完全一致,-,
B3-005,B3,114年第二梯次中級AI應用規劃師第三科機器學習技術與應用(當次試題公告114_20251226000650.pdf,5,5,PASS,PASS,PASS,PASS,PASS,否,0,-,完全一致,-,
B3-006,B3,114年第二梯次中級AI應用規劃師第三科機器學習技術與應用(當次試題公告114_20251226000650.pdf,6,6,PASS,PASS,PASS,PASS,PASS,否,0,-,完全一致,-,
B3-007,B3,114年第二梯次中級AI應用規劃師第三科機器學習技術與應用(當次試題公告114_20251226000650.pdf,7,7,PASS,PASS,PASS,PASS,PASS,否,0,-,完全一致,-,
B3-008,B3,114年第二梯次中級AI應用規劃師第三科機器學習技術與應用(當次試題公告114_20251226000650.pdf,8,8,PASS,PASS,PASS,PASS,PASS,否,0,-,完全一致,-,
B3-009,B3,114年第二梯次中級AI應用規劃師第三科機器學習技術與應用(當次試題公告114_20251226000650.pdf,9,9,PASS,PASS,PASS,PASS,PASS,否,0,-,完全一致,-,
B3-010,B3,114年第二梯次中級AI應用規劃師第三科機器學習技術與應用(當次試題公告114_20251226000650.pdf,10,10,PASS,PASS,PASS,PASS,PASS,否,0,-,完全一致,-,
B3-011,B3,114年第二梯次中級AI應用規劃師第三科機器學習技術與應用(當次試題公告114_20251226000650.pdf,11,11,PASS,PASS,PASS,PASS,PASS,否,0,-,完全一致,-,
B3-012,B3,114年第二梯次中級AI應用規劃師第三科機器學習技術與應用(當次試題公告114_20251226000650.pdf,12,12,PASS,PASS,PASS,PASS,PASS,否,0,-,完全一致,-,
B3-013,B3,114年第二梯次中級AI應用規劃師第三科機器學習技術與應用(當次試題公告114_20251226000650.pdf,13,13,PASS,PASS,PASS,PASS,PASS,否,0,-,完全一致,-,
B3-014,B3,114年第二梯次中級AI應用規劃師第三科機器學習技術與應用(當次試題公告114_20251226000650.pdf,14,14,PASS,PASS,PASS,PASS,PASS,否,0,-,完全一致,-,
B3-015,B3,114年第二梯次中級AI應用規劃師第三科機器學習技術與應用(當次試題公告114_20251226000650.pdf,15,15,PASS,PASS,PASS,PASS,PASS,否,0,-,完全一致,-,
B3-016,B3,114年第二梯次中級AI應用規劃師第三科機器學習技術與應用(當次試題公告114_20251226000650.pdf,16,16,PASS,PASS,PASS,PASS,PASS,否,0,-,完全一致,-,
B3-017,B3,114年第二梯次中級AI應用規劃師第三科機器學習技術與應用(當次試題公告114_20251226000650.pdf,17,17,PASS,PASS,PASS,PASS,PASS,否,0,-,完全一致,-,
B3-018,B3,114年第二梯次中級AI應用規劃師第三科機器學習技術與應用(當次試題公告114_20251226000650.pdf,18,18,PASS,PASS,PASS,PASS,PASS,否,0,-,完全一致,-,
B3-019,B3,114年第二梯次中級AI應用規劃師第三科機器學習技術與應用(當次試題公告114_20251226000650.pdf,19,19,PASS,PASS,PASS,PASS,PASS,否,0,-,完全一致,-,
B3-020,B3,114年第二梯次中級AI應用規劃師第三科機器學習技術與應用(當次試題公告114_20251226000650.pdf,20,20,PASS,PASS,PASS,PASS,PASS,否,0,-,完全一致,-,
B3-021,B3,114年第二梯次中級AI應用規劃師第三科機器學習技術與應用(當次試題公告114_20251226000650.pdf,21,21,PASS,PASS,PASS,PASS,PASS,否,0,-,完全一致,-,
B3-022,B3,114年第二梯次中級AI應用規劃師第三科機器學習技術與應用(當次試題公告114_20251226000650.pdf,22,22,PASS,PASS,PASS,PASS,PASS,否,0,-,完全一致,-,
B3-023,B3,114年第二梯次中級AI應用規劃師第三科機器學習技術與應用(當次試題公告114_20251226000650.pdf,23,23,PASS,PASS,PASS,PASS,PASS,否,0,-,完全一致,-,
B3-024,B3,114年第二梯次中級AI應用規劃師第三科機器學習技術與應用(當次試題公告114_20251226000650.pdf,24,24,PASS,PASS,PASS,PASS,PASS,是,0,-,完全一致,-,
B3-025,B3,114年第二梯次中級AI應用規劃師第三科機器學習技術與應用(當次試題公告114_20251226000650.pdf,25,25,PASS,PASS,PASS,PASS,PASS,否,0,-,完全一致,-,
B3-026,B3,114年第二梯次中級AI應用規劃師第三科機器學習技術與應用(當次試題公告114_20251226000650.pdf,26,26,PASS,PASS,PASS,PASS,PASS,否,0,-,完全一致,-,
B3-027,B3,114年第二梯次中級AI應用規劃師第三科機器學習技術與應用(當次試題公告114_20251226000650.pdf,27,27,FAIL,PASS,PASS,PASS,PASS,否,0,C5 字元層級瑕疵; C6 文字改寫,選項1不符（C5：刪1/增0/改0） | 選項3不符（C6：刪5/增0/改0）,-,"PDF「增加卷積層(ConvolutionalLayer)數量,使網路更深以強化特徵提取」｜CSV「增加卷積層(ConvolutionalLayer)數量,使網路更深以強化特徵提」"
B3-028,B3,114年第二梯次中級AI應用規劃師第三科機器學習技術與應用(當次試題公告114_20251226000650.pdf,28,28,PASS,PASS,PASS,PASS,PASS,否,0,-,完全一致,-,
B3-029,B3,114年第二梯次中級AI應用規劃師第三科機器學習技術與應用(當次試題公告114_20251226000650.pdf,29,29,PASS,PASS,PASS,PASS,PASS,否,0,-,完全一致,-,
B3-030,B3,114年第二梯次中級AI應用規劃師第三科機器學習技術與應用(當次試題公告114_20251226000650.pdf,30,30,PASS,PASS,PASS,PASS,PASS,否,0,-,完全一致,-,
B3-031,B3,114年第二梯次中級AI應用規劃師第三科機器學習技術與應用(當次試題公告114_20251226000650.pdf,31,31,PASS,PASS,PASS,PASS,PASS,否,0,-,完全一致,-,
B3-032,B3,114年第二梯次中級AI應用規劃師第三科機器學習技術與應用(當次試題公告114_20251226000650.pdf,32,32,PASS,PASS,PASS,PASS,PASS,否,0,-,完全一致,-,
B3-033,B3,114年第二梯次中級AI應用規劃師第三科機器學習技術與應用(當次試題公告114_20251226000650.pdf,33,33,FAIL,PASS,PASS,PASS,PASS,否,0,C2 內容刪節; C6 文字改寫,題幹不符（C6：刪8/增0/改0） | 選項1不符（C6：刪14/增0/改0） | 選項2不符（C6：刪14/增0/改0） | 選項3不符（C6：刪9/增0/改0） | 選項4不符（C2：刪16/增0/改0）,-,"PDF「某資料科學團隊正在開發一個客戶相似度比對系統,用於計算所有客戶之間的相似度分數.若系統需逐一比對每一位客戶與其他所有客戶的資料組合,此時演算法的時間複雜度最可能」｜CSV「某資料科學團隊正在開發一個客戶相似度比對系統,用於計算所有客戶之間的相似度分數.若系統需逐一比對每一位客戶與其他所有客戶的資料組合,此時演算法的時間複雜度最可能」"
B3-034,B3,114年第二梯次中級AI應用規劃師第三科機器學習技術與應用(當次試題公告114_20251226000650.pdf,34,34,PASS,PASS,PASS,PASS,PASS,否,0,-,完全一致,-,
B3-035,B3,114年第二梯次中級AI應用規劃師第三科機器學習技術與應用(當次試題公告114_20251226000650.pdf,35,35,PASS,PASS,PASS,PASS,PASS,否,0,-,完全一致,-,
B3-036,B3,114年第二梯次中級AI應用規劃師第三科機器學習技術與應用(當次試題公告114_20251226000650.pdf,36,36,PASS,PASS,PASS,PASS,PASS,否,0,-,完全一致,-,
B3-037,B3,114年第二梯次中級AI應用規劃師第三科機器學習技術與應用(當次試題公告114_20251226000650.pdf,37,37,FAIL,PASS,PASS,PASS,PASS,否,0,C2 內容刪節,選項1不符（C2：刪78/增0/改0） | 選項2不符（C2：刪87/增0/改0） | 選項3不符（C2：刪83/增0/改0） | 選項4不符（C2：刪87/增0/改0）,-,PDF「對稱加密(SymmetricEncryption)+單向雜湊(HashFunction)+非對稱加密(AsymmetricEncryption)+差分隱私(Di」｜CSV「對稱加密+單向雜湊+非對稱加密+差分隱私」
B3-038,B3,114年第二梯次中級AI應用規劃師第三科機器學習技術與應用(當次試題公告114_20251226000650.pdf,38,38,FAIL,PASS,PASS,PASS,PASS,是,1,C1 圖片內容以文字補寫,題幹不符（C1：刪0/增35/改0）,-,PDF「附圖程式碼所計算的是哪一類型的評估指標?」｜CSV「附圖程式碼sum((y_true-y_pred)**2)/len(y_true)所計算的是哪一類型的評估指標?」
B3-039,B3,114年第二梯次中級AI應用規劃師第三科機器學習技術與應用(當次試題公告114_20251226000650.pdf,39,39,FAIL,PASS,PASS,PASS,PASS,是,1,C1 圖片內容以文字補寫,題幹不符（C1：刪0/增56/改0）,-,"PDF「附圖程式碼實現的是哪一種正則化技術?」｜CSV「附圖程式碼mask=np.random.binomial(1,p,size=x.shape);returnx*mask/p實現的是哪一種正則化技術?」"
B3-040,B3,114年第二梯次中級AI應用規劃師第三科機器學習技術與應用(當次試題公告114_20251226000650.pdf,40,40,FAIL,PASS,PASS,PASS,PASS,是,1,C1 圖片內容以文字補寫; C3 圖片題內容不完整,題幹不符（C1：刪0/增5/改13） | 選項2不符（C3：刪7/增0/改0）,-,"PDF「依據附圖程式碼進行資料處理,下列何者正確?」｜CSV「依據附圖Numpy程式碼v1=,v2=,A=[,],下列何者正確?」"
B3-041,B3,114年第二梯次中級AI應用規劃師第三科機器學習技術與應用(當次試題公告114_20251226000650.pdf,41,41,FAIL,PASS,PASS,PASS,PASS,是,1,C2 內容刪節; C3 圖片題內容不完整,題幹不符（C3：刪10/增1/改7） | 選項4不符（C2：刪1695/增0/改0）,-,"PDF「考慮擲出骰子並採用MonteCarlo方法估算條件機率,參考附圖程式碼.事件A:擲出偶數事件B:擲出大於3請問下列何者為條件機率P(A∣B)的正確值?」｜CSV「考慮擲出骰子並採用MonteCarlo方法估算條件機率.A=擲出偶數,B=擲出大於3.請問下列何者為條件機率P(A∣B)的正確程式碼?」"
B3-042,B3,114年第二梯次中級AI應用規劃師第三科機器學習技術與應用(當次試題公告114_20251226000650.pdf,42,42,FAIL,PASS,PASS,PASS,PASS,是,1,C2 內容刪節,題幹不符（C2：刪67/增0/改11）,-,"PDF「在深度神經網路中,不同層的參數量(parametercount)差異極大.有些層雖然數量少但計算量大,有些則相反.了解參數分佈情形,有助於模型壓縮與遷移學習設計」｜CSV「VGG16模型中,下列哪一層的參數量(parametercount)最多?」"
B3-043,B3,114年第二梯次中級AI應用規劃師第三科機器學習技術與應用(當次試題公告114_20251226000650.pdf,43,43,FAIL,PASS,PASS,PASS,PASS,是,1,C2 內容刪節,題幹不符（C2：刪39/增2/改4）,-,"PDF「在神經網路中,了解各層的運算量分佈,有助於模型壓縮與硬體加速的策略設計.請問在VGG16中,下列何者運算量(FLOPs)最多?」｜CSV「VGG16模型中,下列哪一層的運算量(FLOPs)最多?」"
B3-044,B3,114年第二梯次中級AI應用規劃師第三科機器學習技術與應用(當次試題公告114_20251226000650.pdf,44,44,FAIL,PASS,PASS,PASS,PASS,是,1,C2 內容刪節,題幹不符（C2：刪74/增2/改0） | 選項1不符（C2：刪61/增0/改0） | 選項2不符（C2：刪27/增0/改1） | 選項3不符（C2：刪70/增0/改0） | 選項4不符（C2：刪27/增0/改0）,-,"PDF「VGG16層數深且結構規則,由多層卷積,池化及全連接層組成.了解各層的輸入/輸出維度,參數量及記憶體需求,有助於掌握CNN模型的組成邏輯與實作技巧.根據VGG1」｜CSV「根據VGG16的模型架構摘要,下列敘述何者正確?」"
B3-045,B3,114年第二梯次中級AI應用規劃師第三科機器學習技術與應用(當次試題公告114_20251226000650.pdf,45,45,FAIL,PASS,PASS,PASS,PASS,是,7,C1 圖片內容以文字補寫; C2 內容刪節,題幹不符（C2：刪139/增7/改4） | 選項1不符（C1：刪0/增33/改0） | 選項2不符（C1：刪0/增42/改0） | 選項3不符（C1：刪0/增44/改0） | 選項4不符（C2：刪218/增0/改83）,-,"PDF「在實務應用中,我們常使用遷移學習(transferlearning)技巧,即載入預訓練模型(如VGG16),凍結部分層的參數,只針對特定任務重新訓練最後幾層,這」｜CSV「針對VGG16進行遷移學習,凍結特徵提取層的參數,只針對分類器重新訓練.下列哪段程式碼寫法正確?」"
B3-046,B3,114年第二梯次中級AI應用規劃師第三科機器學習技術與應用(當次試題公告114_20251226000650.pdf,46,46,FAIL,PASS,PASS,PASS,PASS,是,3,C2 內容刪節,題幹不符（C2：刪96/增1/改73）,-,"PDF「假設研究人員已將含有雜訊的手寫數字影像存放在變數noisy中.部分資料經視覺化後的外觀如下:他們嘗試使用PCA進行降噪,並希望能保留影像的主要特徵,同時去除影像」｜CSV「使用PCA進行降噪時,若影像仍然含有明顯的雜訊,最可能是哪一段程式碼設定不正確?(原始碼:pca=PCA())」"
B3-047,B3,114年第二梯次中級AI應用規劃師第三科機器學習技術與應用(當次試題公告114_20251226000650.pdf,47,47,FAIL,PASS,PASS,PASS,PASS,是,5,C2 內容刪節; C3 圖片題內容不完整,題幹不符（C3：刪12/增0/改157） | 選項1不符（C3：刪9/增0/改0） | 選項2不符（C3：刪3/增0/改0） | 選項3不符（C3：刪3/增0/改0） | 選項4不符（C2：刪134/增0/改0）,-,"PDF「研究人員在對digits資料集進行分類時,決定使用KNN並搭配交叉驗證來評估模型準確率.他們撰寫了四組不同的程式碼來進行KNN訓練與交叉驗證,但不確定哪幾組程式」｜CSV「針對digits資料集進行KNN分類與交叉驗證,哪幾組程式碼能正確執行?(A與C使用accuracy,B與D使用f1)」"
B3-048,B3,114年第二梯次中級AI應用規劃師第三科機器學習技術與應用(當次試題公告114_20251226000650.pdf,48,48,FAIL,PASS,PASS,PASS,PASS,是,5,C2 內容刪節,題幹不符（C2：刪123/增17/改114）,-,"PDF「參考下圖程式碼,下列何者正確?A:X_train-=X_train.mean(axis=0)將每個訓練集特徵的平均值調整為0B:X_train/=X_train」｜CSV「參考資料標準化程式碼X-=mean;X/=std,下列敘述何者正確?(A:調整平均值為0;D:防止梯度爆炸)」"
B3-049,B3,114年第二梯次中級AI應用規劃師第三科機器學習技術與應用(當次試題公告114_20251226000650.pdf,49,49,FAIL,PASS,PASS,PASS,PASS,是,6,C1 圖片內容以文字補寫,題幹不符（C1：刪3/增9/改65） | 選項1不符（C1：刪0/增7/改0）,-,"PDF「參考下圖執行結果,下列何者正確?」｜CSV「參考KerasModelSummary,Layer1(Dense,10)與Layer2(Dense,10)的參數量(Param#)分別為何?(輸入特徵數為9)」"
B3-050,B3,114年第二梯次中級AI應用規劃師第三科機器學習技術與應用(當次試題公告114_20251226000650.pdf,50,50,FAIL,PASS,PASS,PASS,PASS,是,7,C1 圖片內容以文字補寫,題幹不符（C1：刪4/增46/改55）,-,"PDF「參考下圖執行結果,下列何者正確?A:空格1須填入""b-""B:空格2須填入""b--""C:空格1須填入""r-""D:空格2須填入""r--""E:驗證損失明顯較訓練損失減」｜CSV「參考訓練與驗證損失圖表與程式碼,loss(Train)為藍色實線,val_loss(Validation)為紅色虛線.下列敘述何者正確?(A:空格1填""b-"";」"
A1-051,A1,115年第一次初級AI應用規劃師_第一科_人工智慧基礎概論_公告試題_20260410164304.pdf,1,51,PASS,PASS,PASS,FAIL,PASS,否,0,-,完全一致,L2 題號與PDF印刷題號不符(CSV=51/PDF=1),
A1-052,A1,115年第一次初級AI應用規劃師_第一科_人工智慧基礎概論_公告試題_20260410164304.pdf,2,52,PASS,PASS,PASS,FAIL,PASS,否,0,-,完全一致,L2 題號與PDF印刷題號不符(CSV=52/PDF=2),
A1-053,A1,115年第一次初級AI應用規劃師_第一科_人工智慧基礎概論_公告試題_20260410164304.pdf,3,53,PASS,PASS,PASS,FAIL,PASS,否,0,-,完全一致,L2 題號與PDF印刷題號不符(CSV=53/PDF=3),
A1-054,A1,115年第一次初級AI應用規劃師_第一科_人工智慧基礎概論_公告試題_20260410164304.pdf,4,54,PASS,PASS,PASS,FAIL,PASS,否,0,-,完全一致,L2 題號與PDF印刷題號不符(CSV=54/PDF=4),
A1-055,A1,115年第一次初級AI應用規劃師_第一科_人工智慧基礎概論_公告試題_20260410164304.pdf,5,55,PASS,PASS,PASS,FAIL,PASS,否,0,-,完全一致,L2 題號與PDF印刷題號不符(CSV=55/PDF=5),
A1-056,A1,115年第一次初級AI應用規劃師_第一科_人工智慧基礎概論_公告試題_20260410164304.pdf,6,56,PASS,PASS,PASS,FAIL,PASS,否,0,-,完全一致,L2 題號與PDF印刷題號不符(CSV=56/PDF=6),
A1-057,A1,115年第一次初級AI應用規劃師_第一科_人工智慧基礎概論_公告試題_20260410164304.pdf,7,57,PASS,PASS,PASS,FAIL,PASS,否,0,-,完全一致,L2 題號與PDF印刷題號不符(CSV=57/PDF=7),
A1-058,A1,115年第一次初級AI應用規劃師_第一科_人工智慧基礎概論_公告試題_20260410164304.pdf,8,58,PASS,PASS,PASS,FAIL,PASS,否,0,-,完全一致,L2 題號與PDF印刷題號不符(CSV=58/PDF=8),
A1-059,A1,115年第一次初級AI應用規劃師_第一科_人工智慧基礎概論_公告試題_20260410164304.pdf,9,59,PASS,PASS,PASS,FAIL,PASS,否,0,-,完全一致,L2 題號與PDF印刷題號不符(CSV=59/PDF=9),
A1-060,A1,115年第一次初級AI應用規劃師_第一科_人工智慧基礎概論_公告試題_20260410164304.pdf,10,60,PASS,PASS,PASS,FAIL,PASS,否,0,-,完全一致,L2 題號與PDF印刷題號不符(CSV=60/PDF=10),
A1-061,A1,115年第一次初級AI應用規劃師_第一科_人工智慧基礎概論_公告試題_20260410164304.pdf,11,61,PASS,PASS,PASS,FAIL,PASS,否,0,-,完全一致,L2 題號與PDF印刷題號不符(CSV=61/PDF=11),
A1-062,A1,115年第一次初級AI應用規劃師_第一科_人工智慧基礎概論_公告試題_20260410164304.pdf,12,62,PASS,PASS,PASS,FAIL,PASS,否,0,-,完全一致,L2 題號與PDF印刷題號不符(CSV=62/PDF=12),
A1-063,A1,115年第一次初級AI應用規劃師_第一科_人工智慧基礎概論_公告試題_20260410164304.pdf,13,63,PASS,PASS,PASS,FAIL,PASS,是,0,-,完全一致,L2 題號與PDF印刷題號不符(CSV=63/PDF=13),
A1-064,A1,115年第一次初級AI應用規劃師_第一科_人工智慧基礎概論_公告試題_20260410164304.pdf,14,64,PASS,PASS,PASS,FAIL,PASS,否,0,-,完全一致,L2 題號與PDF印刷題號不符(CSV=64/PDF=14),
A1-065,A1,115年第一次初級AI應用規劃師_第一科_人工智慧基礎概論_公告試題_20260410164304.pdf,15,65,PASS,PASS,PASS,FAIL,PASS,否,0,-,完全一致,L2 題號與PDF印刷題號不符(CSV=65/PDF=15),
A1-066,A1,115年第一次初級AI應用規劃師_第一科_人工智慧基礎概論_公告試題_20260410164304.pdf,16,66,PASS,PASS,PASS,FAIL,PASS,否,0,-,完全一致,L2 題號與PDF印刷題號不符(CSV=66/PDF=16),
A1-067,A1,115年第一次初級AI應用規劃師_第一科_人工智慧基礎概論_公告試題_20260410164304.pdf,17,67,PASS,PASS,PASS,FAIL,PASS,否,0,-,完全一致,L2 題號與PDF印刷題號不符(CSV=67/PDF=17),
A1-068,A1,115年第一次初級AI應用規劃師_第一科_人工智慧基礎概論_公告試題_20260410164304.pdf,18,68,PASS,PASS,PASS,FAIL,PASS,否,0,-,完全一致,L2 題號與PDF印刷題號不符(CSV=68/PDF=18),
A1-069,A1,115年第一次初級AI應用規劃師_第一科_人工智慧基礎概論_公告試題_20260410164304.pdf,19,69,PASS,PASS,PASS,FAIL,PASS,否,0,-,完全一致,L2 題號與PDF印刷題號不符(CSV=69/PDF=19),
A1-070,A1,115年第一次初級AI應用規劃師_第一科_人工智慧基礎概論_公告試題_20260410164304.pdf,20,70,PASS,PASS,PASS,FAIL,PASS,否,0,-,完全一致,L2 題號與PDF印刷題號不符(CSV=70/PDF=20),
A1-071,A1,115年第一次初級AI應用規劃師_第一科_人工智慧基礎概論_公告試題_20260410164304.pdf,21,71,PASS,PASS,PASS,FAIL,PASS,否,0,-,完全一致,L2 題號與PDF印刷題號不符(CSV=71/PDF=21),
A1-072,A1,115年第一次初級AI應用規劃師_第一科_人工智慧基礎概論_公告試題_20260410164304.pdf,22,72,PASS,PASS,PASS,FAIL,PASS,否,0,-,完全一致,L2 題號與PDF印刷題號不符(CSV=72/PDF=22),
A1-073,A1,115年第一次初級AI應用規劃師_第一科_人工智慧基礎概論_公告試題_20260410164304.pdf,23,73,PASS,PASS,PASS,FAIL,PASS,否,0,-,完全一致,L2 題號與PDF印刷題號不符(CSV=73/PDF=23),
A1-074,A1,115年第一次初級AI應用規劃師_第一科_人工智慧基礎概論_公告試題_20260410164304.pdf,24,74,PASS,PASS,PASS,FAIL,PASS,否,0,-,完全一致,L2 題號與PDF印刷題號不符(CSV=74/PDF=24),
A1-075,A1,115年第一次初級AI應用規劃師_第一科_人工智慧基礎概論_公告試題_20260410164304.pdf,25,75,PASS,PASS,PASS,FAIL,PASS,否,0,-,完全一致,L2 題號與PDF印刷題號不符(CSV=75/PDF=25),
A1-076,A1,115年第一次初級AI應用規劃師_第一科_人工智慧基礎概論_公告試題_20260410164304.pdf,26,76,PASS,PASS,PASS,FAIL,PASS,否,0,-,完全一致,L2 題號與PDF印刷題號不符(CSV=76/PDF=26),
A1-077,A1,115年第一次初級AI應用規劃師_第一科_人工智慧基礎概論_公告試題_20260410164304.pdf,27,77,PASS,PASS,PASS,FAIL,PASS,否,0,-,完全一致,L2 題號與PDF印刷題號不符(CSV=77/PDF=27),
A1-078,A1,115年第一次初級AI應用規劃師_第一科_人工智慧基礎概論_公告試題_20260410164304.pdf,28,78,PASS,PASS,PASS,FAIL,PASS,否,0,-,完全一致,L2 題號與PDF印刷題號不符(CSV=78/PDF=28),
A1-079,A1,115年第一次初級AI應用規劃師_第一科_人工智慧基礎概論_公告試題_20260410164304.pdf,29,79,PASS,PASS,PASS,FAIL,PASS,否,0,-,完全一致,L2 題號與PDF印刷題號不符(CSV=79/PDF=29),
A1-080,A1,115年第一次初級AI應用規劃師_第一科_人工智慧基礎概論_公告試題_20260410164304.pdf,30,80,PASS,PASS,PASS,FAIL,PASS,否,0,-,完全一致,L2 題號與PDF印刷題號不符(CSV=80/PDF=30),
A1-081,A1,115年第一次初級AI應用規劃師_第一科_人工智慧基礎概論_公告試題_20260410164304.pdf,31,81,PASS,PASS,PASS,FAIL,PASS,否,0,-,完全一致,L2 題號與PDF印刷題號不符(CSV=81/PDF=31),
A1-082,A1,115年第一次初級AI應用規劃師_第一科_人工智慧基礎概論_公告試題_20260410164304.pdf,32,82,PASS,PASS,PASS,FAIL,PASS,否,0,-,完全一致,L2 題號與PDF印刷題號不符(CSV=82/PDF=32),
A1-083,A1,115年第一次初級AI應用規劃師_第一科_人工智慧基礎概論_公告試題_20260410164304.pdf,33,83,PASS,PASS,PASS,FAIL,PASS,否,0,-,完全一致,L2 題號與PDF印刷題號不符(CSV=83/PDF=33),
A1-084,A1,115年第一次初級AI應用規劃師_第一科_人工智慧基礎概論_公告試題_20260410164304.pdf,34,84,PASS,PASS,PASS,FAIL,PASS,否,0,-,完全一致,L2 題號與PDF印刷題號不符(CSV=84/PDF=34),
A1-085,A1,115年第一次初級AI應用規劃師_第一科_人工智慧基礎概論_公告試題_20260410164304.pdf,35,85,PASS,PASS,PASS,FAIL,PASS,否,0,-,完全一致,L2 題號與PDF印刷題號不符(CSV=85/PDF=35),
A1-086,A1,115年第一次初級AI應用規劃師_第一科_人工智慧基礎概論_公告試題_20260410164304.pdf,36,86,PASS,PASS,PASS,FAIL,PASS,是,0,-,完全一致,L2 題號與PDF印刷題號不符(CSV=86/PDF=36),
A1-087,A1,115年第一次初級AI應用規劃師_第一科_人工智慧基礎概論_公告試題_20260410164304.pdf,37,87,PASS,PASS,PASS,FAIL,PASS,否,0,-,完全一致,L2 題號與PDF印刷題號不符(CSV=87/PDF=37),
A1-088,A1,115年第一次初級AI應用規劃師_第一科_人工智慧基礎概論_公告試題_20260410164304.pdf,38,88,PASS,PASS,PASS,FAIL,PASS,否,0,-,完全一致,L2 題號與PDF印刷題號不符(CSV=88/PDF=38),
A1-089,A1,115年第一次初級AI應用規劃師_第一科_人工智慧基礎概論_公告試題_20260410164304.pdf,39,89,PASS,PASS,PASS,FAIL,PASS,否,0,-,完全一致,L2 題號與PDF印刷題號不符(CSV=89/PDF=39),
A1-090,A1,115年第一次初級AI應用規劃師_第一科_人工智慧基礎概論_公告試題_20260410164304.pdf,40,90,PASS,PASS,PASS,FAIL,PASS,否,0,-,完全一致,L2 題號與PDF印刷題號不符(CSV=90/PDF=40),
A1-091,A1,115年第一次初級AI應用規劃師_第一科_人工智慧基礎概論_公告試題_20260410164304.pdf,41,91,PASS,PASS,PASS,FAIL,PASS,否,0,-,完全一致,L2 題號與PDF印刷題號不符(CSV=91/PDF=41),
A1-092,A1,115年第一次初級AI應用規劃師_第一科_人工智慧基礎概論_公告試題_20260410164304.pdf,42,92,PASS,PASS,PASS,FAIL,PASS,否,0,-,完全一致,L2 題號與PDF印刷題號不符(CSV=92/PDF=42),
A1-093,A1,115年第一次初級AI應用規劃師_第一科_人工智慧基礎概論_公告試題_20260410164304.pdf,43,93,PASS,PASS,PASS,FAIL,PASS,否,0,-,完全一致,L2 題號與PDF印刷題號不符(CSV=93/PDF=43),
A1-094,A1,115年第一次初級AI應用規劃師_第一科_人工智慧基礎概論_公告試題_20260410164304.pdf,44,94,PASS,PASS,PASS,FAIL,PASS,否,0,-,完全一致,L2 題號與PDF印刷題號不符(CSV=94/PDF=44),
A1-095,A1,115年第一次初級AI應用規劃師_第一科_人工智慧基礎概論_公告試題_20260410164304.pdf,45,95,PASS,PASS,PASS,FAIL,PASS,否,0,-,完全一致,L2 題號與PDF印刷題號不符(CSV=95/PDF=45),
A1-096,A1,115年第一次初級AI應用規劃師_第一科_人工智慧基礎概論_公告試題_20260410164304.pdf,46,96,PASS,PASS,PASS,FAIL,PASS,否,0,-,完全一致,L2 題號與PDF印刷題號不符(CSV=96/PDF=46),
A1-097,A1,115年第一次初級AI應用規劃師_第一科_人工智慧基礎概論_公告試題_20260410164304.pdf,47,97,PASS,PASS,PASS,FAIL,PASS,否,0,-,完全一致,L2 題號與PDF印刷題號不符(CSV=97/PDF=47),
A1-098,A1,115年第一次初級AI應用規劃師_第一科_人工智慧基礎概論_公告試題_20260410164304.pdf,48,98,PASS,PASS,PASS,FAIL,PASS,否,0,-,完全一致,L2 題號與PDF印刷題號不符(CSV=98/PDF=48),
A1-099,A1,115年第一次初級AI應用規劃師_第一科_人工智慧基礎概論_公告試題_20260410164304.pdf,49,99,PASS,PASS,PASS,FAIL,PASS,否,0,-,完全一致,L2 題號與PDF印刷題號不符(CSV=99/PDF=49),
A1-100,A1,115年第一次初級AI應用規劃師_第一科_人工智慧基礎概論_公告試題_20260410164304.pdf,50,100,PASS,PASS,PASS,FAIL,PASS,否,0,-,完全一致,L2 題號與PDF印刷題號不符(CSV=100/PDF=50),
A2-051,A2,115年第一次初級AI應用規劃師_第二科_生成式AI應用與規劃_公告試題_20260410164328.pdf,1,51,PASS,PASS,PASS,FAIL,PASS,否,0,-,完全一致,L2 題號與PDF印刷題號不符(CSV=51/PDF=1),
A2-052,A2,115年第一次初級AI應用規劃師_第二科_生成式AI應用與規劃_公告試題_20260410164328.pdf,2,52,PASS,PASS,PASS,FAIL,PASS,否,0,-,完全一致,L2 題號與PDF印刷題號不符(CSV=52/PDF=2),
A2-053,A2,115年第一次初級AI應用規劃師_第二科_生成式AI應用與規劃_公告試題_20260410164328.pdf,3,53,PASS,PASS,PASS,FAIL,PASS,否,0,-,完全一致,L2 題號與PDF印刷題號不符(CSV=53/PDF=3),
A2-054,A2,115年第一次初級AI應用規劃師_第二科_生成式AI應用與規劃_公告試題_20260410164328.pdf,4,54,PASS,PASS,PASS,FAIL,PASS,否,0,-,完全一致,L2 題號與PDF印刷題號不符(CSV=54/PDF=4),
A2-055,A2,115年第一次初級AI應用規劃師_第二科_生成式AI應用與規劃_公告試題_20260410164328.pdf,5,55,PASS,PASS,PASS,FAIL,PASS,否,0,-,完全一致,L2 題號與PDF印刷題號不符(CSV=55/PDF=5),
A2-056,A2,115年第一次初級AI應用規劃師_第二科_生成式AI應用與規劃_公告試題_20260410164328.pdf,6,56,PASS,PASS,PASS,FAIL,PASS,否,0,-,完全一致,L2 題號與PDF印刷題號不符(CSV=56/PDF=6),
A2-057,A2,115年第一次初級AI應用規劃師_第二科_生成式AI應用與規劃_公告試題_20260410164328.pdf,7,57,PASS,PASS,PASS,FAIL,PASS,否,0,-,完全一致,L2 題號與PDF印刷題號不符(CSV=57/PDF=7),
A2-058,A2,115年第一次初級AI應用規劃師_第二科_生成式AI應用與規劃_公告試題_20260410164328.pdf,8,58,PASS,PASS,PASS,FAIL,PASS,否,0,-,完全一致,L2 題號與PDF印刷題號不符(CSV=58/PDF=8),
A2-059,A2,115年第一次初級AI應用規劃師_第二科_生成式AI應用與規劃_公告試題_20260410164328.pdf,9,59,PASS,PASS,PASS,FAIL,PASS,否,0,-,完全一致,L2 題號與PDF印刷題號不符(CSV=59/PDF=9),
A2-060,A2,115年第一次初級AI應用規劃師_第二科_生成式AI應用與規劃_公告試題_20260410164328.pdf,10,60,PASS,PASS,PASS,FAIL,PASS,否,0,-,完全一致,L2 題號與PDF印刷題號不符(CSV=60/PDF=10),
A2-061,A2,115年第一次初級AI應用規劃師_第二科_生成式AI應用與規劃_公告試題_20260410164328.pdf,11,61,PASS,PASS,PASS,FAIL,PASS,否,0,-,完全一致,L2 題號與PDF印刷題號不符(CSV=61/PDF=11),
A2-062,A2,115年第一次初級AI應用規劃師_第二科_生成式AI應用與規劃_公告試題_20260410164328.pdf,12,62,PASS,PASS,PASS,FAIL,PASS,否,0,-,完全一致,L2 題號與PDF印刷題號不符(CSV=62/PDF=12),
A2-063,A2,115年第一次初級AI應用規劃師_第二科_生成式AI應用與規劃_公告試題_20260410164328.pdf,13,63,PASS,PASS,PASS,FAIL,PASS,否,0,-,完全一致,L2 題號與PDF印刷題號不符(CSV=63/PDF=13),
A2-064,A2,115年第一次初級AI應用規劃師_第二科_生成式AI應用與規劃_公告試題_20260410164328.pdf,14,64,PASS,PASS,PASS,FAIL,PASS,否,0,-,完全一致,L2 題號與PDF印刷題號不符(CSV=64/PDF=14),
A2-065,A2,115年第一次初級AI應用規劃師_第二科_生成式AI應用與規劃_公告試題_20260410164328.pdf,15,65,PASS,PASS,PASS,FAIL,PASS,否,0,-,完全一致,L2 題號與PDF印刷題號不符(CSV=65/PDF=15),
A2-066,A2,115年第一次初級AI應用規劃師_第二科_生成式AI應用與規劃_公告試題_20260410164328.pdf,16,66,PASS,PASS,PASS,FAIL,PASS,否,0,-,完全一致,L2 題號與PDF印刷題號不符(CSV=66/PDF=16),
A2-067,A2,115年第一次初級AI應用規劃師_第二科_生成式AI應用與規劃_公告試題_20260410164328.pdf,17,67,PASS,PASS,PASS,FAIL,PASS,否,0,-,完全一致,L2 題號與PDF印刷題號不符(CSV=67/PDF=17),
A2-068,A2,115年第一次初級AI應用規劃師_第二科_生成式AI應用與規劃_公告試題_20260410164328.pdf,18,68,PASS,PASS,PASS,FAIL,PASS,是,0,-,完全一致,L2 題號與PDF印刷題號不符(CSV=68/PDF=18),
A2-069,A2,115年第一次初級AI應用規劃師_第二科_生成式AI應用與規劃_公告試題_20260410164328.pdf,19,69,PASS,PASS,PASS,FAIL,PASS,是,0,-,完全一致,L2 題號與PDF印刷題號不符(CSV=69/PDF=19),
A2-070,A2,115年第一次初級AI應用規劃師_第二科_生成式AI應用與規劃_公告試題_20260410164328.pdf,20,70,PASS,PASS,PASS,FAIL,PASS,否,0,-,完全一致,L2 題號與PDF印刷題號不符(CSV=70/PDF=20),
A2-071,A2,115年第一次初級AI應用規劃師_第二科_生成式AI應用與規劃_公告試題_20260410164328.pdf,21,71,PASS,PASS,PASS,FAIL,PASS,否,0,-,完全一致,L2 題號與PDF印刷題號不符(CSV=71/PDF=21),
A2-072,A2,115年第一次初級AI應用規劃師_第二科_生成式AI應用與規劃_公告試題_20260410164328.pdf,22,72,PASS,PASS,PASS,FAIL,PASS,否,0,-,完全一致,L2 題號與PDF印刷題號不符(CSV=72/PDF=22),
A2-073,A2,115年第一次初級AI應用規劃師_第二科_生成式AI應用與規劃_公告試題_20260410164328.pdf,23,73,FAIL,PASS,PASS,FAIL,PASS,否,0,C5 字元層級瑕疵,選項1不符（C5：刪0/增3/改0） | 選項2不符（C5：刪0/增3/改0）,L2 題號與PDF印刷題號不符(CSV=73/PDF=23),PDF「鑑別式AI(2)生成式AI」｜CSV「(1)鑑別式AI(2)生成式AI」
A2-074,A2,115年第一次初級AI應用規劃師_第二科_生成式AI應用與規劃_公告試題_20260410164328.pdf,24,74,PASS,PASS,PASS,FAIL,PASS,否,0,-,完全一致,L2 題號與PDF印刷題號不符(CSV=74/PDF=24),
A2-075,A2,115年第一次初級AI應用規劃師_第二科_生成式AI應用與規劃_公告試題_20260410164328.pdf,25,75,PASS,PASS,PASS,FAIL,PASS,否,0,-,完全一致,L2 題號與PDF印刷題號不符(CSV=75/PDF=25),
A2-076,A2,115年第一次初級AI應用規劃師_第二科_生成式AI應用與規劃_公告試題_20260410164328.pdf,26,76,PASS,PASS,PASS,FAIL,PASS,否,0,-,完全一致,L2 題號與PDF印刷題號不符(CSV=76/PDF=26),
A2-077,A2,115年第一次初級AI應用規劃師_第二科_生成式AI應用與規劃_公告試題_20260410164328.pdf,27,77,PASS,PASS,PASS,FAIL,PASS,否,0,-,完全一致,L2 題號與PDF印刷題號不符(CSV=77/PDF=27),
A2-078,A2,115年第一次初級AI應用規劃師_第二科_生成式AI應用與規劃_公告試題_20260410164328.pdf,28,78,PASS,PASS,PASS,FAIL,PASS,否,0,-,完全一致,L2 題號與PDF印刷題號不符(CSV=78/PDF=28),
A2-079,A2,115年第一次初級AI應用規劃師_第二科_生成式AI應用與規劃_公告試題_20260410164328.pdf,29,79,PASS,PASS,PASS,FAIL,PASS,是,0,-,完全一致,L2 題號與PDF印刷題號不符(CSV=79/PDF=29),
A2-080,A2,115年第一次初級AI應用規劃師_第二科_生成式AI應用與規劃_公告試題_20260410164328.pdf,30,80,PASS,PASS,PASS,FAIL,PASS,否,0,-,完全一致,L2 題號與PDF印刷題號不符(CSV=80/PDF=30),
A2-081,A2,115年第一次初級AI應用規劃師_第二科_生成式AI應用與規劃_公告試題_20260410164328.pdf,31,81,PASS,PASS,PASS,FAIL,PASS,否,0,-,完全一致,L2 題號與PDF印刷題號不符(CSV=81/PDF=31),
A2-082,A2,115年第一次初級AI應用規劃師_第二科_生成式AI應用與規劃_公告試題_20260410164328.pdf,32,82,PASS,PASS,PASS,FAIL,PASS,否,0,-,完全一致,L2 題號與PDF印刷題號不符(CSV=82/PDF=32),
A2-083,A2,115年第一次初級AI應用規劃師_第二科_生成式AI應用與規劃_公告試題_20260410164328.pdf,33,83,PASS,PASS,PASS,FAIL,PASS,否,0,-,完全一致,L2 題號與PDF印刷題號不符(CSV=83/PDF=33),
A2-084,A2,115年第一次初級AI應用規劃師_第二科_生成式AI應用與規劃_公告試題_20260410164328.pdf,34,84,PASS,PASS,PASS,FAIL,PASS,否,0,-,完全一致,L2 題號與PDF印刷題號不符(CSV=84/PDF=34),
A2-085,A2,115年第一次初級AI應用規劃師_第二科_生成式AI應用與規劃_公告試題_20260410164328.pdf,35,85,PASS,PASS,PASS,FAIL,PASS,否,0,-,完全一致,L2 題號與PDF印刷題號不符(CSV=85/PDF=35),
A2-086,A2,115年第一次初級AI應用規劃師_第二科_生成式AI應用與規劃_公告試題_20260410164328.pdf,36,86,PASS,PASS,PASS,FAIL,PASS,否,0,-,完全一致,L2 題號與PDF印刷題號不符(CSV=86/PDF=36),
A2-087,A2,115年第一次初級AI應用規劃師_第二科_生成式AI應用與規劃_公告試題_20260410164328.pdf,37,87,PASS,PASS,PASS,FAIL,PASS,否,0,-,完全一致,L2 題號與PDF印刷題號不符(CSV=87/PDF=37),
A2-088,A2,115年第一次初級AI應用規劃師_第二科_生成式AI應用與規劃_公告試題_20260410164328.pdf,38,88,PASS,PASS,PASS,FAIL,PASS,否,0,-,完全一致,L2 題號與PDF印刷題號不符(CSV=88/PDF=38),
A2-089,A2,115年第一次初級AI應用規劃師_第二科_生成式AI應用與規劃_公告試題_20260410164328.pdf,39,89,PASS,PASS,PASS,FAIL,PASS,否,0,-,完全一致,L2 題號與PDF印刷題號不符(CSV=89/PDF=39),
A2-090,A2,115年第一次初級AI應用規劃師_第二科_生成式AI應用與規劃_公告試題_20260410164328.pdf,40,90,PASS,PASS,PASS,FAIL,PASS,否,0,-,完全一致,L2 題號與PDF印刷題號不符(CSV=90/PDF=40),
A2-091,A2,115年第一次初級AI應用規劃師_第二科_生成式AI應用與規劃_公告試題_20260410164328.pdf,41,91,PASS,PASS,PASS,FAIL,PASS,否,0,-,完全一致,L2 題號與PDF印刷題號不符(CSV=91/PDF=41),
A2-092,A2,115年第一次初級AI應用規劃師_第二科_生成式AI應用與規劃_公告試題_20260410164328.pdf,42,92,PASS,PASS,PASS,FAIL,PASS,否,0,-,完全一致,L2 題號與PDF印刷題號不符(CSV=92/PDF=42),
A2-093,A2,115年第一次初級AI應用規劃師_第二科_生成式AI應用與規劃_公告試題_20260410164328.pdf,43,93,PASS,PASS,PASS,FAIL,PASS,否,0,-,完全一致,L2 題號與PDF印刷題號不符(CSV=93/PDF=43),
A2-094,A2,115年第一次初級AI應用規劃師_第二科_生成式AI應用與規劃_公告試題_20260410164328.pdf,44,94,PASS,PASS,PASS,FAIL,PASS,否,0,-,完全一致,L2 題號與PDF印刷題號不符(CSV=94/PDF=44),
A2-095,A2,115年第一次初級AI應用規劃師_第二科_生成式AI應用與規劃_公告試題_20260410164328.pdf,45,95,PASS,PASS,PASS,FAIL,PASS,否,0,-,完全一致,L2 題號與PDF印刷題號不符(CSV=95/PDF=45),
A2-096,A2,115年第一次初級AI應用規劃師_第二科_生成式AI應用與規劃_公告試題_20260410164328.pdf,46,96,PASS,PASS,PASS,FAIL,PASS,否,0,-,完全一致,L2 題號與PDF印刷題號不符(CSV=96/PDF=46),
A2-097,A2,115年第一次初級AI應用規劃師_第二科_生成式AI應用與規劃_公告試題_20260410164328.pdf,47,97,PASS,PASS,PASS,FAIL,PASS,否,0,-,完全一致,L2 題號與PDF印刷題號不符(CSV=97/PDF=47),
A2-098,A2,115年第一次初級AI應用規劃師_第二科_生成式AI應用與規劃_公告試題_20260410164328.pdf,48,98,PASS,PASS,PASS,FAIL,PASS,否,0,-,完全一致,L2 題號與PDF印刷題號不符(CSV=98/PDF=48),
A2-099,A2,115年第一次初級AI應用規劃師_第二科_生成式AI應用與規劃_公告試題_20260410164328.pdf,49,99,PASS,PASS,PASS,FAIL,PASS,否,0,-,完全一致,L2 題號與PDF印刷題號不符(CSV=99/PDF=49),
A2-100,A2,115年第一次初級AI應用規劃師_第二科_生成式AI應用與規劃_公告試題_20260410164328.pdf,50,100,PASS,PASS,PASS,FAIL,PASS,否,0,-,完全一致,L2 題號與PDF印刷題號不符(CSV=100/PDF=50),
A1-101,A1,115年第二次初級AI應用規劃師_第一科_人工智慧基礎概論_公告試題_20260604212644.pdf,1,1,PASS,PASS,FAIL,PASS,PASS,否,0,-,完全一致,L1 文件名稱無法對應實體檔,
A1-102,A1,115年第二次初級AI應用規劃師_第一科_人工智慧基礎概論_公告試題_20260604212644.pdf,2,2,PASS,PASS,FAIL,PASS,PASS,否,0,-,完全一致,L1 文件名稱無法對應實體檔,
A1-103,A1,115年第二次初級AI應用規劃師_第一科_人工智慧基礎概論_公告試題_20260604212644.pdf,3,3,PASS,PASS,FAIL,PASS,PASS,否,0,-,完全一致,L1 文件名稱無法對應實體檔,
A1-104,A1,115年第二次初級AI應用規劃師_第一科_人工智慧基礎概論_公告試題_20260604212644.pdf,4,4,FAIL,PASS,FAIL,PASS,FAIL,否,0,C4 頁首文字混入,選項1不符（C4：刪0/增17/改0）,L1 文件名稱無法對應實體檔 | L4 選項1混入頁首文字 | L4 選項1多餘連續空白,"PDF「透過自然語言處理技術分析財經新聞語意,作為輔助性市場情緒指標」｜CSV「透過自然語言處理技術分析財經新聞語意,作為輔助性市場情緒指標;第一科:人工智慧基礎概論答案題目」"
A1-105,A1,115年第二次初級AI應用規劃師_第一科_人工智慧基礎概論_公告試題_20260604212644.pdf,5,5,PASS,PASS,FAIL,PASS,PASS,否,0,-,完全一致,L1 文件名稱無法對應實體檔,
A1-106,A1,115年第二次初級AI應用規劃師_第一科_人工智慧基礎概論_公告試題_20260604212644.pdf,6,6,PASS,PASS,FAIL,PASS,PASS,否,0,-,完全一致,L1 文件名稱無法對應實體檔,
A1-107,A1,115年第二次初級AI應用規劃師_第一科_人工智慧基礎概論_公告試題_20260604212644.pdf,7,7,PASS,PASS,FAIL,PASS,PASS,否,0,-,完全一致,L1 文件名稱無法對應實體檔,
A1-108,A1,115年第二次初級AI應用規劃師_第一科_人工智慧基礎概論_公告試題_20260604212644.pdf,8,8,FAIL,PASS,FAIL,PASS,FAIL,否,0,C4 頁首文字混入,題幹不符（C4：刪0/增16/改0）,L1 文件名稱無法對應實體檔 | L4 題目混入頁首文字,"PDF「某保險公司規劃推出一套AI核保輔助系統,針對線上投保申請進行初步風險評估並自動回覆審核結果.系統開發完成後,依據金融機構運用人工智慧技術作業規範,系統在正式與消」｜CSV「某保險公司規劃推出一套AI核保輔助系統,針對線上投保申請進行初步風險評估並自動回覆審核結果.系統開發完成後,依據金融機構運用人工智慧技術作業規範,系統在正式與消」"
A1-109,A1,115年第二次初級AI應用規劃師_第一科_人工智慧基礎概論_公告試題_20260604212644.pdf,9,9,PASS,PASS,FAIL,PASS,PASS,否,0,-,完全一致,L1 文件名稱無法對應實體檔,
A1-110,A1,115年第二次初級AI應用規劃師_第一科_人工智慧基礎概論_公告試題_20260604212644.pdf,10,10,PASS,PASS,FAIL,PASS,PASS,否,0,-,完全一致,L1 文件名稱無法對應實體檔,
A1-111,A1,115年第二次初級AI應用規劃師_第一科_人工智慧基礎概論_公告試題_20260604212644.pdf,11,11,PASS,PASS,FAIL,PASS,PASS,否,0,-,完全一致,L1 文件名稱無法對應實體檔,
A1-112,A1,115年第二次初級AI應用規劃師_第一科_人工智慧基礎概論_公告試題_20260604212644.pdf,12,12,FAIL,PASS,FAIL,PASS,FAIL,否,0,C4 頁首文字混入,題幹不符（C4：刪0/增16/改0）,L1 文件名稱無法對應實體檔 | L4 題目混入頁首文字,"PDF「某製造業導入AI進行生產排程,需整合ERP(企業資源規劃系統)訂單資料,設備感測器產生的連續數值紀錄,以及維修技師手寫異常描述(掃描為PDF).資料治理主管需判」｜CSV「某製造業導入AI進行生產排程,需整合ERP(企業資源規劃系統)訂單資料,第一科:人工智慧基礎概論答案題目設備感測器產生的連續數值紀錄,以及維修技師手寫異常描述(」"
A1-113,A1,115年第二次初級AI應用規劃師_第一科_人工智慧基礎概論_公告試題_20260604212644.pdf,13,13,PASS,PASS,FAIL,PASS,PASS,否,0,-,完全一致,L1 文件名稱無法對應實體檔,
A1-114,A1,115年第二次初級AI應用規劃師_第一科_人工智慧基礎概論_公告試題_20260604212644.pdf,14,14,PASS,PASS,FAIL,PASS,PASS,否,0,-,完全一致,L1 文件名稱無法對應實體檔,
A1-115,A1,115年第二次初級AI應用規劃師_第一科_人工智慧基礎概論_公告試題_20260604212644.pdf,15,15,PASS,PASS,FAIL,PASS,PASS,否,0,-,完全一致,L1 文件名稱無法對應實體檔,
A1-116,A1,115年第二次初級AI應用規劃師_第一科_人工智慧基礎概論_公告試題_20260604212644.pdf,16,16,FAIL,PASS,FAIL,PASS,FAIL,否,0,C4 頁首文字混入,題幹不符（C4：刪0/增16/改0）,L1 文件名稱無法對應實體檔 | L4 題目混入頁首文字,"PDF「某企業集團在多個領域導入AI技術,應用於不同業務場景.請問下列哪一項最符合異常檢測(AnomalyDetection)的主要應用目標?」｜CSV「某企業集團在多個領域導入AI技術,應用於不同業務場景.請問下列哪一項最第一科:人工智慧基礎概論答案題目符合異常檢測(AnomalyDetection)的主要應用」"
A1-117,A1,115年第二次初級AI應用規劃師_第一科_人工智慧基礎概論_公告試題_20260604212644.pdf,17,17,PASS,PASS,FAIL,PASS,PASS,否,0,-,完全一致,L1 文件名稱無法對應實體檔,
A1-118,A1,115年第二次初級AI應用規劃師_第一科_人工智慧基礎概論_公告試題_20260604212644.pdf,18,18,PASS,PASS,FAIL,PASS,PASS,否,0,-,完全一致,L1 文件名稱無法對應實體檔,
A1-119,A1,115年第二次初級AI應用規劃師_第一科_人工智慧基礎概論_公告試題_20260604212644.pdf,19,19,PASS,PASS,FAIL,PASS,PASS,否,0,-,完全一致,L1 文件名稱無法對應實體檔,
A1-120,A1,115年第二次初級AI應用規劃師_第一科_人工智慧基礎概論_公告試題_20260604212644.pdf,20,20,FAIL,PASS,FAIL,PASS,FAIL,否,0,C4 頁首文字混入,題幹不符（C4：刪0/增16/改0）,L1 文件名稱無法對應實體檔 | L4 題目混入頁首文字,"PDF「某跨國企業需透過網路將各國子公司之敏感資料傳輸至總部進行模型訓練.資訊安全主管要求在傳輸過程中防範中間人攻擊,避免資料遭竊取或竄改.在不影響系統跨國即時傳輸效率」｜CSV「某跨國企業需透過網路將各國子公司之敏感資料傳輸至總部進行模型訓練.資訊安全主管要求在傳輸過程中防範中間人攻擊,避免資料遭竊取或竄改.在不第一科:人工智慧基礎概論」"
A1-121,A1,115年第二次初級AI應用規劃師_第一科_人工智慧基礎概論_公告試題_20260604212644.pdf,21,21,PASS,PASS,FAIL,PASS,PASS,否,0,-,完全一致,L1 文件名稱無法對應實體檔,
A1-122,A1,115年第二次初級AI應用規劃師_第一科_人工智慧基礎概論_公告試題_20260604212644.pdf,22,22,PASS,PASS,FAIL,PASS,PASS,否,0,-,完全一致,L1 文件名稱無法對應實體檔,
A1-123,A1,115年第二次初級AI應用規劃師_第一科_人工智慧基礎概論_公告試題_20260604212644.pdf,23,23,PASS,PASS,FAIL,PASS,PASS,否,0,-,完全一致,L1 文件名稱無法對應實體檔,
A1-124,A1,115年第二次初級AI應用規劃師_第一科_人工智慧基礎概論_公告試題_20260604212644.pdf,24,24,FAIL,PASS,FAIL,PASS,FAIL,否,0,C4 頁首文字混入,題幹不符（C4：刪0/增16/改0）,L1 文件名稱無法對應實體檔 | L4 題目混入頁首文字,"PDF「某電商平台導入強化學習(ReinforcementLearning)技術優化商品推薦策略,AI代理(AIAgent)會根據使用者的點擊與購買行為持續調整推薦內容」｜CSV「某電商平台導入強化學習(ReinforcementLearning)技術優化商品推薦策略,AI代理(AIAgent)會根據使用者的點擊與購買行為持續調整推薦內容」"
A1-125,A1,115年第二次初級AI應用規劃師_第一科_人工智慧基礎概論_公告試題_20260604212644.pdf,25,25,PASS,PASS,FAIL,PASS,PASS,否,0,-,完全一致,L1 文件名稱無法對應實體檔,
A1-126,A1,115年第二次初級AI應用規劃師_第一科_人工智慧基礎概論_公告試題_20260604212644.pdf,26,26,PASS,PASS,FAIL,PASS,PASS,否,0,-,完全一致,L1 文件名稱無法對應實體檔,
A1-127,A1,115年第二次初級AI應用規劃師_第一科_人工智慧基礎概論_公告試題_20260604212644.pdf,27,27,FAIL,PASS,FAIL,PASS,FAIL,否,0,C4 頁首文字混入,選項4不符（C4：刪0/增16/改0）,L1 文件名稱無法對應實體檔 | L4 選項4混入頁首文字 | L4 選項4多餘連續空白,PDF「甲與丙」｜CSV「甲與丙第一科:人工智慧基礎概論答案題目」
A1-128,A1,115年第二次初級AI應用規劃師_第一科_人工智慧基礎概論_公告試題_20260604212644.pdf,28,28,PASS,PASS,FAIL,PASS,PASS,否,0,-,完全一致,L1 文件名稱無法對應實體檔,
A1-129,A1,115年第二次初級AI應用規劃師_第一科_人工智慧基礎概論_公告試題_20260604212644.pdf,29,29,PASS,PASS,FAIL,PASS,PASS,否,0,-,完全一致,L1 文件名稱無法對應實體檔,
A1-130,A1,115年第二次初級AI應用規劃師_第一科_人工智慧基礎概論_公告試題_20260604212644.pdf,30,30,PASS,PASS,FAIL,PASS,PASS,否,0,-,完全一致,L1 文件名稱無法對應實體檔,
A1-131,A1,115年第二次初級AI應用規劃師_第一科_人工智慧基礎概論_公告試題_20260604212644.pdf,31,31,PASS,PASS,FAIL,PASS,PASS,否,0,-,完全一致,L1 文件名稱無法對應實體檔,
A1-132,A1,115年第二次初級AI應用規劃師_第一科_人工智慧基礎概論_公告試題_20260604212644.pdf,32,32,FAIL,PASS,FAIL,PASS,FAIL,否,0,C4 頁首文字混入,題幹不符（C4：刪0/增16/改0）,L1 文件名稱無法對應實體檔 | L4 題目混入頁首文字,PDF「某銀行使用LIME(LocalInterpretableModel-agnosticExplanations)來解釋其信貸審核模型的決策結果.分析師在閱讀解釋報」｜CSV「某銀行使用LIME(LocalInterpretableModel-agnosticExplanations)來解釋其信第一科:人工智慧基礎概論答案題目貸審核模」
A1-133,A1,115年第二次初級AI應用規劃師_第一科_人工智慧基礎概論_公告試題_20260604212644.pdf,33,33,PASS,PASS,FAIL,PASS,PASS,否,0,-,完全一致,L1 文件名稱無法對應實體檔,
A1-134,A1,115年第二次初級AI應用規劃師_第一科_人工智慧基礎概論_公告試題_20260604212644.pdf,34,34,PASS,PASS,FAIL,PASS,PASS,否,0,-,完全一致,L1 文件名稱無法對應實體檔,
A1-135,A1,115年第二次初級AI應用規劃師_第一科_人工智慧基礎概論_公告試題_20260604212644.pdf,35,35,PASS,PASS,FAIL,PASS,PASS,否,0,-,完全一致,L1 文件名稱無法對應實體檔,
A1-136,A1,115年第二次初級AI應用規劃師_第一科_人工智慧基礎概論_公告試題_20260604212644.pdf,36,36,FAIL,PASS,FAIL,PASS,FAIL,否,0,C4 頁首文字混入,題幹不符（C4：刪0/增16/改0）,L1 文件名稱無法對應實體檔 | L4 題目混入頁首文字,"PDF「小明剛加入一間電商公司擔任AI專案的業務窗口,在與技術團隊的交接會議中,工程師說明模型訓練時,會持續比對預測值與實際值之間的差距,並透過一套機制逐步調整模型內部」｜CSV「小明剛加入一間電商公司擔任AI專案的業務窗口,在與技術團隊的交接會議中,工程師說明模型訓練時,會持續比對預測值與實際值之間的差距,並透過一套機制逐步調整模型內部」"
A1-137,A1,115年第二次初級AI應用規劃師_第一科_人工智慧基礎概論_公告試題_20260604212644.pdf,37,37,PASS,PASS,FAIL,PASS,PASS,否,0,-,完全一致,L1 文件名稱無法對應實體檔,
A1-138,A1,115年第二次初級AI應用規劃師_第一科_人工智慧基礎概論_公告試題_20260604212644.pdf,38,38,PASS,PASS,FAIL,PASS,PASS,否,0,-,完全一致,L1 文件名稱無法對應實體檔,
A1-139,A1,115年第二次初級AI應用規劃師_第一科_人工智慧基礎概論_公告試題_20260604212644.pdf,39,39,PASS,PASS,FAIL,PASS,PASS,否,0,-,完全一致,L1 文件名稱無法對應實體檔,
A1-140,A1,115年第二次初級AI應用規劃師_第一科_人工智慧基礎概論_公告試題_20260604212644.pdf,40,40,FAIL,PASS,FAIL,PASS,FAIL,否,0,C4 頁首文字混入,題幹不符（C4：刪0/增16/改0）,L1 文件名稱無法對應實體檔 | L4 題目混入頁首文字,"PDF「某音樂串流平台希望開發一套AI系統,能根據平台上累積的大量歌曲資料,自動生成具有不同風格變化的全新旋律,供創作者作為靈感參考.平台技術長在評估方案時強調,系統不」｜CSV「某音樂串流平台希望開發一套AI系統,能根據平台上累積的大量歌曲資料,自動生成具有不同風格變化的全新旋律,供創作者作為靈感參考.平台技術長在評估方案時強調,系統不」"
A1-141,A1,115年第二次初級AI應用規劃師_第一科_人工智慧基礎概論_公告試題_20260604212644.pdf,41,41,PASS,PASS,FAIL,PASS,PASS,是,0,-,完全一致,L1 文件名稱無法對應實體檔,
A1-142,A1,115年第二次初級AI應用規劃師_第一科_人工智慧基礎概論_公告試題_20260604212644.pdf,42,42,PASS,PASS,FAIL,PASS,PASS,否,0,-,完全一致,L1 文件名稱無法對應實體檔,
A1-143,A1,115年第二次初級AI應用規劃師_第一科_人工智慧基礎概論_公告試題_20260604212644.pdf,43,43,PASS,PASS,FAIL,PASS,PASS,否,0,-,完全一致,L1 文件名稱無法對應實體檔,
A1-144,A1,115年第二次初級AI應用規劃師_第一科_人工智慧基礎概論_公告試題_20260604212644.pdf,44,44,FAIL,PASS,FAIL,PASS,FAIL,否,0,C4 頁首文字混入,題幹不符（C4：刪0/增16/改0）,L1 文件名稱無法對應實體檔 | L4 題目混入頁首文字,"PDF「某金融集團評估將大型語言模型導入客服與風控系統,團隊採用如120B參數等級的超大型語言模型以確保回應品質.請問下列何者最能說明企業在正式環境部署超大型語言模型時」｜CSV「某金融集團評估將大型語言模型導入客服與風控系統,團隊採用如120B參數等第一科:人工智慧基礎概論答案題目級的超大型語言模型以確保回應品質.請問下列何者最能說明企」"
A1-145,A1,115年第二次初級AI應用規劃師_第一科_人工智慧基礎概論_公告試題_20260604212644.pdf,45,45,PASS,PASS,FAIL,PASS,PASS,否,0,-,完全一致,L1 文件名稱無法對應實體檔,
A1-146,A1,115年第二次初級AI應用規劃師_第一科_人工智慧基礎概論_公告試題_20260604212644.pdf,46,46,PASS,PASS,FAIL,PASS,PASS,否,0,-,完全一致,L1 文件名稱無法對應實體檔,
A1-147,A1,115年第二次初級AI應用規劃師_第一科_人工智慧基礎概論_公告試題_20260604212644.pdf,47,47,PASS,PASS,FAIL,PASS,PASS,否,0,-,完全一致,L1 文件名稱無法對應實體檔,
A1-148,A1,115年第二次初級AI應用規劃師_第一科_人工智慧基礎概論_公告試題_20260604212644.pdf,48,48,FAIL,PASS,FAIL,PASS,FAIL,否,0,C4 頁首文字混入,題幹不符（C4：刪0/增16/改0）,L1 文件名稱無法對應實體檔 | L4 題目混入頁首文字,"PDF「某電商平台建置機器學習模型,用於預測用戶在瀏覽特定商品後的購買機率.模型上線初期表現穩定,但維運團隊在定期審查中發現兩種不同情形:情形甲:模型上線半年後恰逢消費」｜CSV「某電商平台建置機器學習模型,用於預測用戶在瀏覽特定商品後的購買機率.模型上線初期表現穩定,但維運團隊在定期審查中發現兩種不同情形:情形甲:模型上線半年後恰逢消費」"
A1-149,A1,115年第二次初級AI應用規劃師_第一科_人工智慧基礎概論_公告試題_20260604212644.pdf,49,49,PASS,PASS,FAIL,PASS,PASS,否,0,-,完全一致,L1 文件名稱無法對應實體檔,
A1-150,A1,115年第二次初級AI應用規劃師_第一科_人工智慧基礎概論_公告試題_20260604212644.pdf,50,50,PASS,PASS,FAIL,PASS,PASS,否,0,-,完全一致,L1 文件名稱無法對應實體檔,
A2-101,A2,115年第二次初級AI應用規劃師_第二科_生成式AI應用與規劃_公告試題_20260604212719.pdf,1,1,PASS,PASS,FAIL,PASS,PASS,否,0,-,完全一致,L1 文件名稱無法對應實體檔,
A2-102,A2,115年第二次初級AI應用規劃師_第二科_生成式AI應用與規劃_公告試題_20260604212719.pdf,2,2,PASS,PASS,FAIL,PASS,PASS,否,0,-,完全一致,L1 文件名稱無法對應實體檔,
A2-103,A2,115年第二次初級AI應用規劃師_第二科_生成式AI應用與規劃_公告試題_20260604212719.pdf,3,3,PASS,PASS,FAIL,PASS,PASS,否,0,-,完全一致,L1 文件名稱無法對應實體檔,
A2-104,A2,115年第二次初級AI應用規劃師_第二科_生成式AI應用與規劃_公告試題_20260604212719.pdf,4,4,FAIL,PASS,FAIL,PASS,FAIL,否,0,C4 頁首文字混入,選項2不符（C4：刪0/增18/改0）,L1 文件名稱無法對應實體檔 | L4 選項2混入頁首文字 | L4 選項2多餘連續空白,"PDF「Token是模型用來表示整段文字語意的向量單位,用於理解輸入內容的語意結構」｜CSV「Token是模型用來表示整段文字語意的向量單位,用於理解輸入內容的語意第二科:生成式AI應用與規劃答案題目結構」"
A2-105,A2,115年第二次初級AI應用規劃師_第二科_生成式AI應用與規劃_公告試題_20260604212719.pdf,5,5,PASS,PASS,FAIL,PASS,PASS,否,0,-,完全一致,L1 文件名稱無法對應實體檔,
A2-106,A2,115年第二次初級AI應用規劃師_第二科_生成式AI應用與規劃_公告試題_20260604212719.pdf,6,6,PASS,PASS,FAIL,PASS,PASS,是,0,-,完全一致,L1 文件名稱無法對應實體檔,
A2-107,A2,115年第二次初級AI應用規劃師_第二科_生成式AI應用與規劃_公告試題_20260604212719.pdf,7,7,PASS,PASS,FAIL,PASS,PASS,否,0,-,完全一致,L1 文件名稱無法對應實體檔,
A2-108,A2,115年第二次初級AI應用規劃師_第二科_生成式AI應用與規劃_公告試題_20260604212719.pdf,8,8,FAIL,PASS,FAIL,PASS,FAIL,否,0,C4 頁首文字混入,選項1不符（C4：刪0/增19/改0）,L1 文件名稱無法對應實體檔 | L4 選項1混入頁首文字 | L4 選項1多餘連續空白,"PDF「你在訂位平台設定""開放提醒"",系統每隔10分鐘會自動幫你重新查詢各餐廳空位狀況,若有變動再通知你」｜CSV「你在訂位平台設定""開放提醒"",系統每隔10分鐘會自動幫你重新查詢各餐廳空位狀況,若有變動再通知你;第二科:生成式AI應用與規劃答案題目」"
A2-109,A2,115年第二次初級AI應用規劃師_第二科_生成式AI應用與規劃_公告試題_20260604212719.pdf,9,9,PASS,PASS,FAIL,PASS,PASS,否,0,-,完全一致,L1 文件名稱無法對應實體檔,
A2-110,A2,115年第二次初級AI應用規劃師_第二科_生成式AI應用與規劃_公告試題_20260604212719.pdf,10,10,PASS,PASS,FAIL,PASS,PASS,否,0,-,完全一致,L1 文件名稱無法對應實體檔,
A2-111,A2,115年第二次初級AI應用規劃師_第二科_生成式AI應用與規劃_公告試題_20260604212719.pdf,11,11,PASS,PASS,FAIL,PASS,PASS,否,0,-,完全一致,L1 文件名稱無法對應實體檔,
A2-112,A2,115年第二次初級AI應用規劃師_第二科_生成式AI應用與規劃_公告試題_20260604212719.pdf,12,12,FAIL,PASS,FAIL,PASS,FAIL,否,0,C4 頁首文字混入,題幹不符（C4：刪0/增18/改0）,L1 文件名稱無法對應實體檔 | L4 題目混入頁首文字,"PDF「某電商平台導入CLIP(ContrastiveLanguage-ImagePre-training)模型,讓使用者能直接輸入文字描述來搜尋商品圖片.請問CLIP」｜CSV「某電商平台導入CLIP(ContrastiveLanguage-ImagePre-training)模型,讓使用者能直接輸入文字描述來搜尋商品圖片.請問CLIP」"
A2-113,A2,115年第二次初級AI應用規劃師_第二科_生成式AI應用與規劃_公告試題_20260604212719.pdf,13,13,PASS,PASS,FAIL,PASS,PASS,是,0,-,完全一致,L1 文件名稱無法對應實體檔,
A2-114,A2,115年第二次初級AI應用規劃師_第二科_生成式AI應用與規劃_公告試題_20260604212719.pdf,14,14,PASS,PASS,FAIL,PASS,PASS,是,0,-,完全一致,L1 文件名稱無法對應實體檔,
A2-115,A2,115年第二次初級AI應用規劃師_第二科_生成式AI應用與規劃_公告試題_20260604212719.pdf,15,15,FAIL,PASS,FAIL,PASS,FAIL,否,0,C4 頁首文字混入,題幹不符（C4：刪0/增18/改0）,L1 文件名稱無法對應實體檔 | L4 題目混入頁首文字,"PDF「某新創公司希望針對特定醫療診斷任務微調語言模型,但受限於資料取得困難,目前僅收集到少量已標註的診斷病例.在標註資料極為有限的條件下,強化微調(Reinforce」｜CSV「某新創公司希望針對特定醫療診斷任務微調語言模型,但受限於資料取得困難,目前僅收集到少量已標註的診斷病例.在標註資料極為有限的條件下,強化微調(Reinforce」"
A2-116,A2,115年第二次初級AI應用規劃師_第二科_生成式AI應用與規劃_公告試題_20260604212719.pdf,16,16,PASS,PASS,FAIL,PASS,PASS,否,0,-,完全一致,L1 文件名稱無法對應實體檔,
A2-117,A2,115年第二次初級AI應用規劃師_第二科_生成式AI應用與規劃_公告試題_20260604212719.pdf,17,17,PASS,PASS,FAIL,PASS,PASS,否,0,-,完全一致,L1 文件名稱無法對應實體檔,
A2-118,A2,115年第二次初級AI應用規劃師_第二科_生成式AI應用與規劃_公告試題_20260604212719.pdf,18,18,PASS,PASS,FAIL,PASS,PASS,否,0,-,完全一致,L1 文件名稱無法對應實體檔,
A2-119,A2,115年第二次初級AI應用規劃師_第二科_生成式AI應用與規劃_公告試題_20260604212719.pdf,19,19,FAIL,PASS,FAIL,PASS,FAIL,否,0,C4 頁首文字混入,選項3不符（C4：刪0/增19/改0）,L1 文件名稱無法對應實體檔 | L4 選項3混入頁首文字 | L4 選項3多餘連續空白,"PDF「結合檢索與生成機制,仍屬生成式AI應用範疇」｜CSV「結合檢索與生成機制,仍屬生成式AI應用範疇;第二科:生成式AI應用與規劃答案題目」"
A2-120,A2,115年第二次初級AI應用規劃師_第二科_生成式AI應用與規劃_公告試題_20260604212719.pdf,20,20,PASS,PASS,FAIL,PASS,PASS,否,0,-,完全一致,L1 文件名稱無法對應實體檔,
A2-121,A2,115年第二次初級AI應用規劃師_第二科_生成式AI應用與規劃_公告試題_20260604212719.pdf,21,21,PASS,PASS,FAIL,PASS,PASS,否,0,-,完全一致,L1 文件名稱無法對應實體檔,
A2-122,A2,115年第二次初級AI應用規劃師_第二科_生成式AI應用與規劃_公告試題_20260604212719.pdf,22,22,PASS,PASS,FAIL,PASS,PASS,否,0,-,完全一致,L1 文件名稱無法對應實體檔,
A2-123,A2,115年第二次初級AI應用規劃師_第二科_生成式AI應用與規劃_公告試題_20260604212719.pdf,23,23,FAIL,PASS,FAIL,PASS,FAIL,否,0,C4 頁首文字混入,題幹不符（C4：刪0/增18/改0）,L1 文件名稱無法對應實體檔 | L4 題目混入頁首文字,"PDF「某公司開發一個AI助理,能長期記住使用者的重要資訊(例如偏好與歷史需求),並在後續對話中加以利用.系統設計採用Titans架構的MemoryasContext(」｜CSV「某公司開發一個AI助理,能長期記住使用者的重要資訊(例如偏好與歷史需求),並在後續對話中加以利用.系統設計採用Titans架構的MemoryasContext(」"
A2-124,A2,115年第二次初級AI應用規劃師_第二科_生成式AI應用與規劃_公告試題_20260604212719.pdf,24,24,PASS,PASS,FAIL,PASS,PASS,否,0,-,完全一致,L1 文件名稱無法對應實體檔,
A2-125,A2,115年第二次初級AI應用規劃師_第二科_生成式AI應用與規劃_公告試題_20260604212719.pdf,25,25,PASS,PASS,FAIL,PASS,PASS,否,0,-,完全一致,L1 文件名稱無法對應實體檔,
A2-126,A2,115年第二次初級AI應用規劃師_第二科_生成式AI應用與規劃_公告試題_20260604212719.pdf,26,26,PASS,PASS,FAIL,PASS,PASS,否,0,-,完全一致,L1 文件名稱無法對應實體檔,
A2-127,A2,115年第二次初級AI應用規劃師_第二科_生成式AI應用與規劃_公告試題_20260604212719.pdf,27,27,FAIL,PASS,FAIL,PASS,FAIL,否,0,C4 頁首文字混入,選項4不符（C4：刪0/增18/改0）,L1 文件名稱無法對應實體檔 | L4 選項4混入頁首文字 | L4 選項4多餘連續空白,"PDF「解碼器(Decoder)先產生多個候選回覆句子,再從中選擇語意最適合的一句作為輸出」｜CSV「解碼器(Decoder)先產生多個候選回覆句子,再從中選擇語意最適合的一句作為輸出第二科:生成式AI應用與規劃答案題目」"
A2-128,A2,115年第二次初級AI應用規劃師_第二科_生成式AI應用與規劃_公告試題_20260604212719.pdf,28,28,PASS,PASS,FAIL,PASS,PASS,否,0,-,完全一致,L1 文件名稱無法對應實體檔,
A2-129,A2,115年第二次初級AI應用規劃師_第二科_生成式AI應用與規劃_公告試題_20260604212719.pdf,29,29,PASS,PASS,FAIL,PASS,PASS,否,0,-,完全一致,L1 文件名稱無法對應實體檔,
A2-130,A2,115年第二次初級AI應用規劃師_第二科_生成式AI應用與規劃_公告試題_20260604212719.pdf,30,30,PASS,PASS,FAIL,PASS,PASS,否,0,-,完全一致,L1 文件名稱無法對應實體檔,
A2-131,A2,115年第二次初級AI應用規劃師_第二科_生成式AI應用與規劃_公告試題_20260604212719.pdf,31,31,FAIL,PASS,FAIL,PASS,FAIL,否,0,C4 頁首文字混入,選項4不符（C4：刪0/增18/改0）,L1 文件名稱無法對應實體檔 | L4 選項4混入頁首文字 | L4 選項4多餘連續空白,PDF「全部使用StableDiffusion處理影像生成和文件撰寫」｜CSV「全部使用StableDiffusion處理影像生成和文件撰寫第二科:生成式AI應用與規劃答案題目」
A2-132,A2,115年第二次初級AI應用規劃師_第二科_生成式AI應用與規劃_公告試題_20260604212719.pdf,32,32,PASS,PASS,FAIL,PASS,PASS,是,0,-,完全一致,L1 文件名稱無法對應實體檔,
A2-133,A2,115年第二次初級AI應用規劃師_第二科_生成式AI應用與規劃_公告試題_20260604212719.pdf,33,33,PASS,PASS,FAIL,PASS,PASS,否,0,-,完全一致,L1 文件名稱無法對應實體檔,
A2-134,A2,115年第二次初級AI應用規劃師_第二科_生成式AI應用與規劃_公告試題_20260604212719.pdf,34,34,PASS,PASS,FAIL,PASS,PASS,否,0,-,完全一致,L1 文件名稱無法對應實體檔,
A2-135,A2,115年第二次初級AI應用規劃師_第二科_生成式AI應用與規劃_公告試題_20260604212719.pdf,35,35,FAIL,PASS,FAIL,PASS,FAIL,否,0,C4 頁首文字混入,選項1不符（C4：刪0/增18/改0）,L1 文件名稱無法對應實體檔 | L4 選項1混入頁首文字 | L4 選項1多餘連續空白,"PDF「各Agent之間缺乏有效的上下文(Context)同步機制,導致各自持有不一致的資訊狀態進行決策」｜CSV「各Agent之間缺乏有效的上下文(Context)同步機制,導致各自持有不一致第二科:生成式AI應用與規劃答案題目的資訊狀態進行決策」"
A2-136,A2,115年第二次初級AI應用規劃師_第二科_生成式AI應用與規劃_公告試題_20260604212719.pdf,36,36,PASS,PASS,FAIL,PASS,PASS,否,0,-,完全一致,L1 文件名稱無法對應實體檔,
A2-137,A2,115年第二次初級AI應用規劃師_第二科_生成式AI應用與規劃_公告試題_20260604212719.pdf,37,37,PASS,PASS,FAIL,PASS,PASS,否,0,-,完全一致,L1 文件名稱無法對應實體檔,
A2-138,A2,115年第二次初級AI應用規劃師_第二科_生成式AI應用與規劃_公告試題_20260604212719.pdf,38,38,PASS,PASS,FAIL,PASS,PASS,是,0,-,完全一致,L1 文件名稱無法對應實體檔,
A2-139,A2,115年第二次初級AI應用規劃師_第二科_生成式AI應用與規劃_公告試題_20260604212719.pdf,39,39,FAIL,PASS,FAIL,PASS,FAIL,否,0,C4 頁首文字混入,題幹不符（C4：刪0/增18/改0）,L1 文件名稱無法對應實體檔 | L4 題目混入頁首文字,"PDF「某研究團隊希望評估大型語言模型在不同學科領域的整體理解能力,包含法律,醫學,數學與歷史等,並要求模型在未見過的題型中仍能正確推理與作答.下列何者最符合此類評測設」｜CSV「某研究團隊希望評估大型語言模型在不同學科領域的整體理解能力,包含法律,醫學,數學與歷史等,並要求模型在未見過的題型中仍能正確推理與作答.下列何者最符合此類評測設」"
A2-140,A2,115年第二次初級AI應用規劃師_第二科_生成式AI應用與規劃_公告試題_20260604212719.pdf,40,40,PASS,PASS,FAIL,PASS,PASS,否,0,-,完全一致,L1 文件名稱無法對應實體檔,
A2-141,A2,115年第二次初級AI應用規劃師_第二科_生成式AI應用與規劃_公告試題_20260604212719.pdf,41,41,PASS,PASS,FAIL,PASS,PASS,否,0,-,完全一致,L1 文件名稱無法對應實體檔,
A2-142,A2,115年第二次初級AI應用規劃師_第二科_生成式AI應用與規劃_公告試題_20260604212719.pdf,42,42,FAIL,PASS,FAIL,PASS,FAIL,否,0,C4 頁首文字混入,選項2不符（C4：刪0/增19/改0）,L1 文件名稱無法對應實體檔 | L4 選項2混入頁首文字 | L4 選項2多餘連續空白,PDF「提示洩漏(PromptLeakage)」｜CSV「提示洩漏(PromptLeakage);第二科:生成式AI應用與規劃答案題目」
A2-143,A2,115年第二次初級AI應用規劃師_第二科_生成式AI應用與規劃_公告試題_20260604212719.pdf,43,43,PASS,PASS,FAIL,PASS,PASS,否,0,-,完全一致,L1 文件名稱無法對應實體檔,
A2-144,A2,115年第二次初級AI應用規劃師_第二科_生成式AI應用與規劃_公告試題_20260604212719.pdf,44,44,PASS,PASS,FAIL,PASS,PASS,否,0,-,完全一致,L1 文件名稱無法對應實體檔,
A2-145,A2,115年第二次初級AI應用規劃師_第二科_生成式AI應用與規劃_公告試題_20260604212719.pdf,45,45,PASS,PASS,FAIL,PASS,PASS,否,0,-,完全一致,L1 文件名稱無法對應實體檔,
A2-146,A2,115年第二次初級AI應用規劃師_第二科_生成式AI應用與規劃_公告試題_20260604212719.pdf,46,46,PASS,PASS,FAIL,PASS,PASS,否,0,-,完全一致,L1 文件名稱無法對應實體檔,
A2-147,A2,115年第二次初級AI應用規劃師_第二科_生成式AI應用與規劃_公告試題_20260604212719.pdf,47,47,FAIL,PASS,FAIL,PASS,FAIL,否,0,C4 頁首文字混入,題幹不符（C4：刪0/增18/改0）,L1 文件名稱無法對應實體檔 | L4 題目混入頁首文字,"PDF「某物流公司計劃導入生成式AI來預測交通流量並優化配送路線,預期每月處理500萬筆路況資料.在進行成本效益評估時,下列何者不屬於TCO(TotalCostofOw」｜CSV「某物流公司計劃導入生成式AI來預測交通流量並優化配送路線,預期每月處理500萬筆路況資料.在進行成本效益評估時,下列何者不屬於TCO(TotalCost第二科:」"
A2-148,A2,115年第二次初級AI應用規劃師_第二科_生成式AI應用與規劃_公告試題_20260604212719.pdf,48,48,PASS,PASS,FAIL,PASS,PASS,否,0,-,完全一致,L1 文件名稱無法對應實體檔,
A2-149,A2,115年第二次初級AI應用規劃師_第二科_生成式AI應用與規劃_公告試題_20260604212719.pdf,49,49,PASS,PASS,FAIL,PASS,PASS,否,0,-,完全一致,L1 文件名稱無法對應實體檔,
A2-150,A2,115年第二次初級AI應用規劃師_第二科_生成式AI應用與規劃_公告試題_20260604212719.pdf,50,50,PASS,PASS,FAIL,PASS,PASS,否,0,-,完全一致,L1 文件名稱無法對應實體檔,
B1-051,B1,115年第一次中級AI應用規劃師_第一科_人工智慧技術應用與規劃_公告試題_20260615003359.pdf,1,1,PASS,PASS,FAIL,PASS,PASS,否,0,-,完全一致,L1 文件名稱無法對應實體檔,
B1-052,B1,115年第一次中級AI應用規劃師_第一科_人工智慧技術應用與規劃_公告試題_20260615003359.pdf,2,2,PASS,PASS,FAIL,PASS,PASS,否,0,-,完全一致,L1 文件名稱無法對應實體檔,
B1-053,B1,115年第一次中級AI應用規劃師_第一科_人工智慧技術應用與規劃_公告試題_20260615003359.pdf,3,3,PASS,PASS,FAIL,PASS,PASS,否,0,-,完全一致,L1 文件名稱無法對應實體檔,
B1-054,B1,115年第一次中級AI應用規劃師_第一科_人工智慧技術應用與規劃_公告試題_20260615003359.pdf,4,4,FAIL,PASS,FAIL,PASS,FAIL,否,0,C4 頁首文字混入,選項2不符（C4：刪0/增20/改0）,L1 文件名稱無法對應實體檔 | L4 選項2混入頁首文字 | L4 選項2多餘連續空白,PDF「透過對抗訓練(AdversarialTraining)縮小真實句與生成句之間的語意差異」｜CSV「透過對抗訓練(AdversarialTraining)縮小真實句與生成句之間的語意差異;第一科:人工智慧技術應用與規劃答案題目」
B1-055,B1,115年第一次中級AI應用規劃師_第一科_人工智慧技術應用與規劃_公告試題_20260615003359.pdf,5,5,PASS,PASS,FAIL,PASS,PASS,否,0,-,完全一致,L1 文件名稱無法對應實體檔,
B1-056,B1,115年第一次中級AI應用規劃師_第一科_人工智慧技術應用與規劃_公告試題_20260615003359.pdf,6,6,PASS,PASS,FAIL,PASS,FAIL,否,0,-,完全一致,L1 文件名稱無法對應實體檔 | L4 選項1多餘連續空白,
B1-057,B1,115年第一次中級AI應用規劃師_第一科_人工智慧技術應用與規劃_公告試題_20260615003359.pdf,7,7,PASS,PASS,FAIL,PASS,PASS,否,0,-,完全一致,L1 文件名稱無法對應實體檔,
B1-058,B1,115年第一次中級AI應用規劃師_第一科_人工智慧技術應用與規劃_公告試題_20260615003359.pdf,8,8,FAIL,PASS,FAIL,PASS,FAIL,否,0,C4 頁首文字混入,題幹不符（C4：刪0/增19/改0）,L1 文件名稱無法對應實體檔 | L4 題目混入頁首文字 | L4 選項2多餘連續空白,"PDF「某工程師訓練了一個皮膚病變二元分類模型(惡性/良性),在向臨床醫師報告模型效能時,使用ROC曲線(ReceiverOperatingCharacteristic」｜CSV「某工程師訓練了一個皮膚病變二元分類模型(惡性/良性),在向臨床醫師報告模型效能時,使用ROC曲線(ReceiverOperatingCharacteristic」"
B1-059,B1,115年第一次中級AI應用規劃師_第一科_人工智慧技術應用與規劃_公告試題_20260615003359.pdf,9,9,PASS,PASS,FAIL,PASS,PASS,否,0,-,完全一致,L1 文件名稱無法對應實體檔,
B1-060,B1,115年第一次中級AI應用規劃師_第一科_人工智慧技術應用與規劃_公告試題_20260615003359.pdf,10,10,PASS,PASS,FAIL,PASS,PASS,否,0,-,完全一致,L1 文件名稱無法對應實體檔,
B1-061,B1,115年第一次中級AI應用規劃師_第一科_人工智慧技術應用與規劃_公告試題_20260615003359.pdf,11,11,PASS,PASS,FAIL,PASS,PASS,否,0,-,完全一致,L1 文件名稱無法對應實體檔,
B1-062,B1,115年第一次中級AI應用規劃師_第一科_人工智慧技術應用與規劃_公告試題_20260615003359.pdf,12,12,FAIL,PASS,FAIL,PASS,FAIL,否,0,C4 頁首文字混入,選項2不符（C4：刪0/增20/改0）,L1 文件名稱無法對應實體檔 | L4 選項2混入頁首文字 | L4 選項2多餘連續空白,"PDF「可將輸入壓縮至(0,1)區間,可解釋為機率值,但在輸入值過大或過小時可能產生梯度消失問題」｜CSV「可將輸入壓縮至(0,1)區間,可解釋為機率值,但在輸入值過大或過小時可能產生梯度消失問題;第一科:人工智慧技術應用與規劃答案題目」"
B1-063,B1,115年第一次中級AI應用規劃師_第一科_人工智慧技術應用與規劃_公告試題_20260615003359.pdf,13,13,PASS,PASS,FAIL,PASS,PASS,否,0,-,完全一致,L1 文件名稱無法對應實體檔,
B1-064,B1,115年第一次中級AI應用規劃師_第一科_人工智慧技術應用與規劃_公告試題_20260615003359.pdf,14,14,PASS,PASS,FAIL,PASS,PASS,否,0,-,完全一致,L1 文件名稱無法對應實體檔,
B1-065,B1,115年第一次中級AI應用規劃師_第一科_人工智慧技術應用與規劃_公告試題_20260615003359.pdf,15,15,PASS,PASS,FAIL,PASS,PASS,否,0,-,完全一致,L1 文件名稱無法對應實體檔,
B1-066,B1,115年第一次中級AI應用規劃師_第一科_人工智慧技術應用與規劃_公告試題_20260615003359.pdf,16,16,FAIL,PASS,FAIL,PASS,FAIL,否,0,C4 頁首文字混入,題幹不符（C4：刪0/增19/改0）,L1 文件名稱無法對應實體檔 | L4 題目混入頁首文字 | L4 選項2多餘連續空白,"PDF「一位工程師正在實作一個ReAct框架的AIAgent,該Agent需要回答""台灣目前最大的電動車充電站營運商是哪間公司,以及其充電樁總數"".Agent的工具清單」｜CSV「一位工程師正在實作一個ReAct框架的AIAgent,該Agent需要回答""台灣目前最大的電動車充電站營運商是哪間公司,以及其充電樁總數"".第一科:人工智慧技術」"
B1-067,B1,115年第一次中級AI應用規劃師_第一科_人工智慧技術應用與規劃_公告試題_20260615003359.pdf,17,17,FAIL,PASS,FAIL,PASS,FAIL,否,0,C4 頁首文字混入,選項4不符（C4：刪0/增19/改0）,L1 文件名稱無法對應實體檔 | L4 選項4混入頁首文字 | L4 選項4多餘連續空白,"PDF「影像模態用CNN,文字模態用Transformer,時序模態用LSTM或TemporalCNN」｜CSV「影像模態用CNN,文字模態用Transformer,時序模態用LSTM或Temporal第一科:人工智慧技術應用與規劃答案題目CNN」"
B1-068,B1,115年第一次中級AI應用規劃師_第一科_人工智慧技術應用與規劃_公告試題_20260615003359.pdf,18,18,PASS,PASS,FAIL,PASS,PASS,否,0,-,完全一致,L1 文件名稱無法對應實體檔,
B1-069,B1,115年第一次中級AI應用規劃師_第一科_人工智慧技術應用與規劃_公告試題_20260615003359.pdf,19,19,PASS,PASS,FAIL,PASS,PASS,是,1,-,完全一致,L1 文件名稱無法對應實體檔,
B1-070,B1,115年第一次中級AI應用規劃師_第一科_人工智慧技術應用與規劃_公告試題_20260615003359.pdf,20,20,FAIL,PASS,FAIL,PASS,FAIL,否,0,C4 頁首文字混入,題幹不符（C4：刪0/增19/改0）,L1 文件名稱無法對應實體檔 | L4 題目混入頁首文字,"PDF「某電商公司計畫導入即時推薦系統,希望使用者進入網站後能在100毫秒內取得推薦結果,且推薦結果需依據最新使用者行為進行調整.系統需支援每日約50萬活躍使用者,尖峰」｜CSV「某電商公司計畫導入即時推薦系統,希望使用者進入網站後能在100毫秒內取得推薦結果,且推薦結果需依據最新使用者行為進行調整.系統需支援每日約50萬活躍使用者,尖峰」"
B1-071,B1,115年第一次中級AI應用規劃師_第一科_人工智慧技術應用與規劃_公告試題_20260615003359.pdf,21,21,PASS,PASS,FAIL,PASS,PASS,否,0,-,完全一致,L1 文件名稱無法對應實體檔,
B1-072,B1,115年第一次中級AI應用規劃師_第一科_人工智慧技術應用與規劃_公告試題_20260615003359.pdf,22,22,FAIL,PASS,FAIL,PASS,FAIL,否,0,C4 頁首文字混入,題幹不符（C4：刪0/增19/改0）,L1 文件名稱無法對應實體檔 | L4 題目混入頁首文字,"PDF「某金融科技公司計劃建立完整的AI開發到維運流程,希望實現""模型訓練→測試→部署→監控→再訓練""的自動化流程串接,並確保線上模型的版本可追溯.技術主管建議引入ML」｜CSV「某金融科技公司計劃建立完整的AI開發到維運流程,希望實現""模型訓練→測試→部署→監控→再訓練""的自動化流程串接,並確保線上模型的版本可追溯.技術主管建議引入ML」"
B1-073,B1,115年第一次中級AI應用規劃師_第一科_人工智慧技術應用與規劃_公告試題_20260615003359.pdf,23,23,PASS,PASS,FAIL,PASS,PASS,否,0,-,完全一致,L1 文件名稱無法對應實體檔,
B1-074,B1,115年第一次中級AI應用規劃師_第一科_人工智慧技術應用與規劃_公告試題_20260615003359.pdf,24,24,PASS,PASS,FAIL,PASS,PASS,否,0,-,完全一致,L1 文件名稱無法對應實體檔,
B1-075,B1,115年第一次中級AI應用規劃師_第一科_人工智慧技術應用與規劃_公告試題_20260615003359.pdf,25,25,PASS,PASS,FAIL,PASS,PASS,否,0,-,完全一致,L1 文件名稱無法對應實體檔,
B1-076,B1,115年第一次中級AI應用規劃師_第一科_人工智慧技術應用與規劃_公告試題_20260615003359.pdf,26,26,FAIL,PASS,FAIL,PASS,FAIL,否,0,C4 頁首文字混入,題幹不符（C4：刪0/增19/改0）,L1 文件名稱無法對應實體檔 | L4 題目混入頁首文字,"PDF「某銀行導入一套AI授信審核系統,針對貸款申請人進行自動化決策.監理單位要求系統必須符合負責任AI(ResponsibleAI)原則,特別是對被拒絕的申請人提供每」｜CSV「某銀行導入一套AI授信審核系統,針對貸款申請人進行自動化決策.監理單位要求系統必須符合負責任AI(ResponsibleAI)原則,特別是對被拒絕的申請人提第一」"
B1-077,B1,115年第一次中級AI應用規劃師_第一科_人工智慧技術應用與規劃_公告試題_20260615003359.pdf,27,27,PASS,PASS,FAIL,PASS,PASS,否,0,-,完全一致,L1 文件名稱無法對應實體檔,
B1-078,B1,115年第一次中級AI應用規劃師_第一科_人工智慧技術應用與規劃_公告試題_20260615003359.pdf,28,28,PASS,PASS,FAIL,PASS,PASS,否,0,-,完全一致,L1 文件名稱無法對應實體檔,
B1-079,B1,115年第一次中級AI應用規劃師_第一科_人工智慧技術應用與規劃_公告試題_20260615003359.pdf,29,29,FAIL,PASS,FAIL,PASS,FAIL,否,0,C4 頁首文字混入,選項3不符（C4：刪0/增20/改0）,L1 文件名稱無法對應實體檔 | L4 選項3混入頁首文字 | L4 選項3多餘連續空白,"PDF「使用Grad-CAM(ClassActivationMap),透過梯度反向傳播生成類別關注區域」｜CSV「使用Grad-CAM(ClassActivationMap),透過梯度反向傳播生成類別關注區域;第一科:人工智慧技術應用與規劃答案題目」"
B1-080,B1,115年第一次中級AI應用規劃師_第一科_人工智慧技術應用與規劃_公告試題_20260615003359.pdf,30,30,PASS,PASS,FAIL,PASS,FAIL,否,0,-,完全一致,L1 文件名稱無法對應實體檔 | L4 選項3多餘連續空白,
B1-081,B1,115年第一次中級AI應用規劃師_第一科_人工智慧技術應用與規劃_公告試題_20260615003359.pdf,31,31,PASS,PASS,FAIL,PASS,PASS,否,0,-,完全一致,L1 文件名稱無法對應實體檔,
B1-082,B1,115年第一次中級AI應用規劃師_第一科_人工智慧技術應用與規劃_公告試題_20260615003359.pdf,32,32,PASS,PASS,FAIL,PASS,PASS,否,0,-,完全一致,L1 文件名稱無法對應實體檔,
B1-083,B1,115年第一次中級AI應用規劃師_第一科_人工智慧技術應用與規劃_公告試題_20260615003359.pdf,33,33,FAIL,PASS,FAIL,PASS,FAIL,否,0,C4 頁首文字混入,選項4不符（C4：刪0/增19/改0）,L1 文件名稱無法對應實體檔 | L4 選項4混入頁首文字 | L4 選項4多餘連續空白,"PDF「合成資料可在控制條件下產生多樣化場景,用於擴充訓練資料並提升模型的泛化能力」｜CSV「合成資料可在控制條件下產生多樣化場景,用於擴充訓練資料並提升模型的第一科:人工智慧技術應用與規劃答案題目泛化能力」"
B1-084,B1,115年第一次中級AI應用規劃師_第一科_人工智慧技術應用與規劃_公告試題_20260615003359.pdf,34,34,PASS,PASS,FAIL,PASS,PASS,否,0,-,完全一致,L1 文件名稱無法對應實體檔,
B1-085,B1,115年第一次中級AI應用規劃師_第一科_人工智慧技術應用與規劃_公告試題_20260615003359.pdf,35,35,PASS,PASS,FAIL,PASS,PASS,否,0,-,完全一致,L1 文件名稱無法對應實體檔,
B1-086,B1,115年第一次中級AI應用規劃師_第一科_人工智慧技術應用與規劃_公告試題_20260615003359.pdf,36,36,PASS,PASS,FAIL,PASS,PASS,否,0,-,完全一致,L1 文件名稱無法對應實體檔,
B1-087,B1,115年第一次中級AI應用規劃師_第一科_人工智慧技術應用與規劃_公告試題_20260615003359.pdf,37,37,FAIL,PASS,FAIL,PASS,FAIL,否,0,C4 頁首文字混入,題幹不符（C4：刪0/增19/改0）,L1 文件名稱無法對應實體檔 | L4 題目混入頁首文字,"PDF「某製造廠開發產線瑕疵檢測模型時,資料集存在嚴重類別不平衡問題,其中良品約占99%,瑕疵品僅占1%.若直接使用原始資料進行訓練,模型容易偏向預測多數類別(良品),」｜CSV「某製造廠開發產線瑕疵檢測模型時,資料集存在嚴重類別不平衡問題,其中良品約占99%,瑕疵品僅占1%.若直接使用原始資料進行訓練,模型容易偏向預測第一科:人工智慧技」"
B1-088,B1,115年第一次中級AI應用規劃師_第一科_人工智慧技術應用與規劃_公告試題_20260615003359.pdf,38,38,PASS,PASS,FAIL,PASS,PASS,否,0,-,完全一致,L1 文件名稱無法對應實體檔,
B1-089,B1,115年第一次中級AI應用規劃師_第一科_人工智慧技術應用與規劃_公告試題_20260615003359.pdf,39,39,PASS,PASS,FAIL,PASS,PASS,否,0,-,完全一致,L1 文件名稱無法對應實體檔,
B1-090,B1,115年第一次中級AI應用規劃師_第一科_人工智慧技術應用與規劃_公告試題_20260615003359.pdf,40,40,PASS,PASS,FAIL,PASS,PASS,否,0,-,完全一致,L1 文件名稱無法對應實體檔,
B1-091,B1,115年第一次中級AI應用規劃師_第一科_人工智慧技術應用與規劃_公告試題_20260615003359.pdf,41,41,FAIL,PASS,FAIL,PASS,FAIL,否,0,C4 頁首文字混入,題幹不符（C4：刪0/增19/改0）,L1 文件名稱無法對應實體檔 | L4 題目混入頁首文字,"PDF「某AI影像辨識平台以單一GPU伺服器提供多租戶推論服務,系統長期觀察到GPU使用率約維持在60%左右,且在執行過程中可觀察到GPUkernel之間存在明顯閒置間」｜CSV「某AI影像辨識平台以單一GPU伺服器提供多租戶推論服務,系統長期觀察到GPU使用率約維持在60%左右,且在執行過程中可觀察到GPUkernel之間存在明顯閒置間」"
B1-092,B1,115年第一次中級AI應用規劃師_第一科_人工智慧技術應用與規劃_公告試題_20260615003359.pdf,42,42,PASS,PASS,FAIL,PASS,PASS,否,0,-,完全一致,L1 文件名稱無法對應實體檔,
B1-093,B1,115年第一次中級AI應用規劃師_第一科_人工智慧技術應用與規劃_公告試題_20260615003359.pdf,43,43,PASS,PASS,FAIL,PASS,PASS,否,0,-,完全一致,L1 文件名稱無法對應實體檔,
B1-094,B1,115年第一次中級AI應用規劃師_第一科_人工智慧技術應用與規劃_公告試題_20260615003359.pdf,44,44,FAIL,PASS,FAIL,PASS,FAIL,否,0,C4 頁首文字混入,選項2不符（C4：刪0/增19/改0）,L1 文件名稱無法對應實體檔 | L4 選項2混入頁首文字 | L4 選項2多餘連續空白,"PDF「採用HTTPPOST請求,將影像資料以multipart/form-data或application/octet-stream傳輸於RequestBody」｜CSV「採用HTTPPOST請求,將影像資料以multipart/form-data或application/octet-第一科:人工智慧技術應用與規劃答案題目stre」"
B1-095,B1,115年第一次中級AI應用規劃師_第一科_人工智慧技術應用與規劃_公告試題_20260615003359.pdf,45,45,PASS,PASS,FAIL,PASS,PASS,否,0,-,完全一致,L1 文件名稱無法對應實體檔,
B1-096,B1,115年第一次中級AI應用規劃師_第一科_人工智慧技術應用與規劃_公告試題_20260615003359.pdf,46,46,PASS,PASS,FAIL,PASS,PASS,否,0,-,完全一致,L1 文件名稱無法對應實體檔,
B1-097,B1,115年第一次中級AI應用規劃師_第一科_人工智慧技術應用與規劃_公告試題_20260615003359.pdf,47,47,FAIL,PASS,FAIL,PASS,FAIL,否,0,C4 頁首文字混入,選項4不符（C4：刪0/增19/改0）,L1 文件名稱無法對應實體檔 | L4 選項4混入頁首文字 | L4 選項4多餘連續空白,"PDF「暫停流量提升,針對延遲問題進行效能分析與優化後再繼續部署」｜CSV「暫停流量提升,針對延遲問題進行效能分析與優化後再繼續部署第一科:人工智慧技術應用與規劃答案題目」"
B1-098,B1,115年第一次中級AI應用規劃師_第一科_人工智慧技術應用與規劃_公告試題_20260615003359.pdf,48,48,PASS,PASS,FAIL,PASS,PASS,否,0,-,完全一致,L1 文件名稱無法對應實體檔,
B1-099,B1,115年第一次中級AI應用規劃師_第一科_人工智慧技術應用與規劃_公告試題_20260615003359.pdf,49,49,PASS,PASS,FAIL,PASS,PASS,否,0,-,完全一致,L1 文件名稱無法對應實體檔,
B1-100,B1,115年第一次中級AI應用規劃師_第一科_人工智慧技術應用與規劃_公告試題_20260615003359.pdf,50,50,PASS,PASS,FAIL,PASS,PASS,否,0,-,完全一致,L1 文件名稱無法對應實體檔,
B2-051,B2,115年第一次中級AI應用規劃師_第二科_大數據處理分析與應用_公告試題_20260615003417.pdf,1,1,PASS,PASS,FAIL,PASS,PASS,否,0,-,完全一致,L1 文件名稱無法對應實體檔,
B2-052,B2,115年第一次中級AI應用規劃師_第二科_大數據處理分析與應用_公告試題_20260615003417.pdf,2,2,PASS,PASS,FAIL,PASS,PASS,是,1,-,完全一致,L1 文件名稱無法對應實體檔,
B2-053,B2,115年第一次中級AI應用規劃師_第二科_大數據處理分析與應用_公告試題_20260615003417.pdf,3,3,PASS,PASS,FAIL,PASS,FAIL,否,0,-,完全一致,L1 文件名稱無法對應實體檔 | L4 選項2多餘連續空白 | L4 選項4多餘連續空白,
B2-054,B2,115年第一次中級AI應用規劃師_第二科_大數據處理分析與應用_公告試題_20260615003417.pdf,4,4,FAIL,PASS,FAIL,PASS,FAIL,否,0,C4 頁首文字混入,選項3不符（C4：刪0/增19/改0）,L1 文件名稱無法對應實體檔 | L4 選項3混入頁首文字 | L4 選項3多餘連續空白,PDF「卡方獨立性檢定(Chi-SquareTest)」｜CSV「卡方獨立性檢定(Chi-SquareTest);第二科:大數據處理分析與應用答案題目」
B2-055,B2,115年第一次中級AI應用規劃師_第二科_大數據處理分析與應用_公告試題_20260615003417.pdf,5,5,PASS,PASS,FAIL,PASS,PASS,否,0,-,完全一致,L1 文件名稱無法對應實體檔,
B2-056,B2,115年第一次中級AI應用規劃師_第二科_大數據處理分析與應用_公告試題_20260615003417.pdf,6,6,PASS,PASS,FAIL,PASS,PASS,否,0,-,完全一致,L1 文件名稱無法對應實體檔,
B2-057,B2,115年第一次中級AI應用規劃師_第二科_大數據處理分析與應用_公告試題_20260615003417.pdf,7,7,PASS,PASS,FAIL,PASS,PASS,否,0,-,完全一致,L1 文件名稱無法對應實體檔,
B2-058,B2,115年第一次中級AI應用規劃師_第二科_大數據處理分析與應用_公告試題_20260615003417.pdf,8,8,FAIL,PASS,FAIL,PASS,FAIL,是,1,C4 頁首文字混入,選項2不符（C4：刪0/增19/改0）,L1 文件名稱無法對應實體檔 | L4 選項2混入頁首文字 | L4 選項2多餘連續空白,"PDF「Z≈0.08,不拒絕虛無假說」｜CSV「Z≈0.08,不拒絕虛無假說;第二科:大數據處理分析與應用答案題目」"
B2-059,B2,115年第一次中級AI應用規劃師_第二科_大數據處理分析與應用_公告試題_20260615003417.pdf,9,9,PASS,PASS,FAIL,PASS,PASS,否,0,-,完全一致,L1 文件名稱無法對應實體檔,
B2-060,B2,115年第一次中級AI應用規劃師_第二科_大數據處理分析與應用_公告試題_20260615003417.pdf,10,10,PASS,PASS,FAIL,PASS,PASS,否,0,-,完全一致,L1 文件名稱無法對應實體檔,
B2-061,B2,115年第一次中級AI應用規劃師_第二科_大數據處理分析與應用_公告試題_20260615003417.pdf,11,11,PASS,PASS,FAIL,PASS,FAIL,否,0,-,完全一致,L1 文件名稱無法對應實體檔 | L4 選項3多餘連續空白 | L4 選項4多餘連續空白,
B2-062,B2,115年第一次中級AI應用規劃師_第二科_大數據處理分析與應用_公告試題_20260615003417.pdf,12,12,FAIL,PASS,FAIL,PASS,FAIL,否,0,C4 頁首文字混入,題幹不符（C4：刪0/增18/改0）,L1 文件名稱無法對應實體檔 | L4 題目混入頁首文字,"PDF「某資料工程師在建構AI訓練資料處理流程時,需要處理一個50GB的CSV檔案,其大小遠超過系統可用記憶體.他使用Python的Pandas進行資料前處理,但直接呼」｜CSV「某資料工程師在建構AI訓練資料處理流程時,需要處理一個50GB的CSV檔案,其大小遠超過系統可用記憶體.他使用Python的Pandas進行資料前處理,但直接呼」"
B2-063,B2,115年第一次中級AI應用規劃師_第二科_大數據處理分析與應用_公告試題_20260615003417.pdf,13,13,PASS,PASS,FAIL,PASS,PASS,否,0,-,完全一致,L1 文件名稱無法對應實體檔,
B2-064,B2,115年第一次中級AI應用規劃師_第二科_大數據處理分析與應用_公告試題_20260615003417.pdf,14,14,PASS,PASS,FAIL,PASS,PASS,否,0,-,完全一致,L1 文件名稱無法對應實體檔,
B2-065,B2,115年第一次中級AI應用規劃師_第二科_大數據處理分析與應用_公告試題_20260615003417.pdf,15,15,PASS,PASS,FAIL,PASS,PASS,否,0,-,完全一致,L1 文件名稱無法對應實體檔,
B2-066,B2,115年第一次中級AI應用規劃師_第二科_大數據處理分析與應用_公告試題_20260615003417.pdf,16,16,FAIL,PASS,FAIL,PASS,FAIL,否,0,C4 頁首文字混入,題幹不符（C4：刪0/增18/改0）,L1 文件名稱無法對應實體檔 | L4 題目混入頁首文字,"PDF「某工程師在建立推薦系統時,評估使用奇異值分解(SingularValueDecomposition,SVD)對使用者-商品評分矩陣進行潛在語意分析(Latent」｜CSV「某工程師在建立推薦系統時,評估使用奇異值分解(SingularValueDecomposition,SVD)第二科:大數據處理分析與應用答案題目對使用者-商品評」"
B2-067,B2,115年第一次中級AI應用規劃師_第二科_大數據處理分析與應用_公告試題_20260615003417.pdf,17,17,PASS,PASS,FAIL,PASS,PASS,否,0,-,完全一致,L1 文件名稱無法對應實體檔,
B2-068,B2,115年第一次中級AI應用規劃師_第二科_大數據處理分析與應用_公告試題_20260615003417.pdf,18,18,FAIL,PASS,FAIL,PASS,PASS,否,0,C2 內容刪節; C6 文字改寫,選項1不符（C2：刪25/增0/改4） | 選項2不符（C6：刪0/增5/改25） | 選項3不符（C2：刪22/增0/改0）,L1 文件名稱無法對應實體檔,"PDF「信賴度=P(A∩B),即A與B同時出現的機率,範圍[0,1]」｜CSV「×P」"
B2-069,B2,115年第一次中級AI應用規劃師_第二科_大數據處理分析與應用_公告試題_20260615003417.pdf,19,19,FAIL,PASS,FAIL,PASS,FAIL,是,1,C4 頁首文字混入,題幹不符（C4：刪0/增18/改0）,L1 文件名稱無法對應實體檔 | L4 題目混入頁首文字,"PDF「下圖表為電商平台某時段的交易紀錄(共8筆訂單),對圖表內的資料執行Apriori演算法,設定最低支援度為3.請問最終保留下來的最大頻繁項目集為何?」｜CSV「下圖表為電商平台某時段的交易紀錄(共8筆訂單),對圖表內的資料執行Apriori演第二科:大數據處理分析與應用答案題目算法,設定最低支援度為3.請問最終保留下來」"
B2-070,B2,115年第一次中級AI應用規劃師_第二科_大數據處理分析與應用_公告試題_20260615003417.pdf,20,20,PASS,PASS,FAIL,PASS,PASS,否,0,-,完全一致,L1 文件名稱無法對應實體檔,
B2-071,B2,115年第一次中級AI應用規劃師_第二科_大數據處理分析與應用_公告試題_20260615003417.pdf,21,21,FAIL,PASS,FAIL,PASS,FAIL,否,0,C4 頁首文字混入,選項4不符（C4：刪0/增18/改0）,L1 文件名稱無法對應實體檔 | L4 選項1多餘連續空白 | L4 選項4混入頁首文字 | L4 選項4多餘連續空白,"PDF「使用DataFrame.agg({'col':'stddev'})或RDD.aggregate()等分散式統計方法,由各Executor計算局部統計量後再進行彙」｜CSV「使用DataFrame.agg({'col':'stddev'})或RDD.aggregate()等分散式統計方法,由各Executor計算局部統計量後再進行彙」"
B2-072,B2,115年第一次中級AI應用規劃師_第二科_大數據處理分析與應用_公告試題_20260615003417.pdf,22,22,PASS,PASS,FAIL,PASS,PASS,否,0,-,完全一致,L1 文件名稱無法對應實體檔,
B2-073,B2,115年第一次中級AI應用規劃師_第二科_大數據處理分析與應用_公告試題_20260615003417.pdf,23,23,PASS,PASS,FAIL,PASS,PASS,是,1,-,完全一致,L1 文件名稱無法對應實體檔,
B2-074,B2,115年第一次中級AI應用規劃師_第二科_大數據處理分析與應用_公告試題_20260615003417.pdf,24,24,FAIL,PASS,FAIL,PASS,FAIL,否,0,C4 頁首文字混入,選項1不符（C4：刪0/增18/改0）,L1 文件名稱無法對應實體檔 | L4 選項1混入頁首文字 | L4 選項1多餘連續空白,"PDF「皮爾森衡量兩個連續變數間的線性關係強度;斯皮爾曼與肯德爾基於排名(Rank)計算,對非線性單調關係也適用」｜CSV「皮爾森衡量兩個連續變數間的線性關係強度;斯皮爾曼與肯德爾基於排名(Rank)第二科:大數據處理分析與應用答案題目計算,對非線性單調關係也適用」"
B2-075,B2,115年第一次中級AI應用規劃師_第二科_大數據處理分析與應用_公告試題_20260615003417.pdf,25,25,PASS,PASS,FAIL,PASS,PASS,否,0,-,完全一致,L1 文件名稱無法對應實體檔,
B2-076,B2,115年第一次中級AI應用規劃師_第二科_大數據處理分析與應用_公告試題_20260615003417.pdf,26,26,PASS,PASS,FAIL,PASS,PASS,否,0,-,完全一致,L1 文件名稱無法對應實體檔,
B2-077,B2,115年第一次中級AI應用規劃師_第二科_大數據處理分析與應用_公告試題_20260615003417.pdf,27,27,PASS,PASS,FAIL,PASS,PASS,否,0,-,完全一致,L1 文件名稱無法對應實體檔,
B2-078,B2,115年第一次中級AI應用規劃師_第二科_大數據處理分析與應用_公告試題_20260615003417.pdf,28,28,FAIL,PASS,FAIL,PASS,FAIL,否,0,C4 頁首文字混入,題幹不符（C4：刪0/增18/改0）,L1 文件名稱無法對應實體檔 | L4 題目混入頁首文字,"PDF「行銷團隊比較三種廣告投放管道(A/B/C)的轉換率差異,原始數據如下,A:3.2%,B:3.8%,C:4.0%.若設計圖表時將y軸刻意截斷(不從0開始),造成視」｜CSV「行銷團隊比較三種廣告投放管道(A/B/C)的轉換率差異,原始數據如下,A:3.2%,B:3.8%,C:4.0%.若設計圖表時將y軸刻意截斷(不從0開始),造成視」"
B2-079,B2,115年第一次中級AI應用規劃師_第二科_大數據處理分析與應用_公告試題_20260615003417.pdf,29,29,PASS,PASS,FAIL,PASS,PASS,否,0,-,完全一致,L1 文件名稱無法對應實體檔,
B2-080,B2,115年第一次中級AI應用規劃師_第二科_大數據處理分析與應用_公告試題_20260615003417.pdf,30,30,PASS,PASS,FAIL,PASS,PASS,否,0,-,完全一致,L1 文件名稱無法對應實體檔,
B2-081,B2,115年第一次中級AI應用規劃師_第二科_大數據處理分析與應用_公告試題_20260615003417.pdf,31,31,PASS,PASS,FAIL,PASS,PASS,否,0,-,完全一致,L1 文件名稱無法對應實體檔,
B2-082,B2,115年第一次中級AI應用規劃師_第二科_大數據處理分析與應用_公告試題_20260615003417.pdf,32,32,FAIL,PASS,FAIL,PASS,FAIL,否,0,C4 頁首文字混入,選項1不符（C4：刪0/增18/改0）,L1 文件名稱無法對應實體檔 | L4 選項1混入頁首文字 | L4 選項1多餘連續空白,"PDF「SMOTE不適合用於金融違約預測場景,此類高風險業務應一律採用class_weight調整損失函數,而非對資料本身進行過採樣」｜CSV「SMOTE不適合用於金融違約預測場景,此類高風險業務應一律採用class_weight調第二科:大數據處理分析與應用答案題目整損失函數,而非對資料本身進行過採樣」"
B2-083,B2,115年第一次中級AI應用規劃師_第二科_大數據處理分析與應用_公告試題_20260615003417.pdf,33,33,PASS,PASS,FAIL,PASS,PASS,否,0,-,完全一致,L1 文件名稱無法對應實體檔,
B2-084,B2,115年第一次中級AI應用規劃師_第二科_大數據處理分析與應用_公告試題_20260615003417.pdf,34,34,PASS,PASS,FAIL,PASS,PASS,否,0,-,完全一致,L1 文件名稱無法對應實體檔,
B2-085,B2,115年第一次中級AI應用規劃師_第二科_大數據處理分析與應用_公告試題_20260615003417.pdf,35,35,PASS,PASS,FAIL,PASS,PASS,否,0,-,完全一致,L1 文件名稱無法對應實體檔,
B2-086,B2,115年第一次中級AI應用規劃師_第二科_大數據處理分析與應用_公告試題_20260615003417.pdf,36,36,FAIL,PASS,FAIL,PASS,FAIL,否,0,C4 頁首文字混入,題幹不符（C4：刪0/增18/改0）,L1 文件名稱無法對應實體檔 | L4 題目混入頁首文字,"PDF「某AI系統架構師正在為一個電子商務資料湖(DataLake)設計系統.該資料湖儲存數百億筆使用者點擊紀錄,並作為企業主要的分析資料來源.系統需讓非技術背景的行銷」｜CSV「某AI系統架構師正在為一個電子商務資料湖(DataLake)設計系統.該資料湖儲存數百億筆使用者點擊紀錄,並作為企業主要的分析資料來源.系統需讓非技術背景的行銷」"
B2-087,B2,115年第一次中級AI應用規劃師_第二科_大數據處理分析與應用_公告試題_20260615003417.pdf,37,37,PASS,PASS,FAIL,PASS,PASS,否,0,-,完全一致,L1 文件名稱無法對應實體檔,
B2-088,B2,115年第一次中級AI應用規劃師_第二科_大數據處理分析與應用_公告試題_20260615003417.pdf,38,38,FAIL,PASS,FAIL,PASS,FAIL,否,0,C4 頁首文字混入,選項4不符（C4：刪0/增18/改0）,L1 文件名稱無法對應實體檔 | L4 選項4混入頁首文字 | L4 選項4多餘連續空白,"PDF「三種技術中,只有差分隱私提供可組合且可量化的隱私保證,而K匿名與亂數回應在面對背景知識攻擊或多次查詢時保護能力有限二,程式題」｜CSV「三種技術中,只有差分隱私提供可組合且可量化的隱私保證,而K匿名與亂數回應在面對背景知識攻擊或多次查詢時保護能力有限第二科:大數據處理分析與應用二,程式題答案題目」"
B2-089,B2,115年第一次中級AI應用規劃師_第二科_大數據處理分析與應用_公告試題_20260615003417.pdf,39,39,PASS,PASS,FAIL,PASS,PASS,是,1,-,完全一致,L1 文件名稱無法對應實體檔,
B2-090,B2,115年第一次中級AI應用規劃師_第二科_大數據處理分析與應用_公告試題_20260615003417.pdf,40,40,FAIL,PASS,FAIL,PASS,FAIL,是,1,C4 頁首文字混入,選項4不符（C4：刪0/增18/改0）,L1 文件名稱無法對應實體檔 | L4 選項4混入頁首文字 | L4 選項4多餘連續空白,"PDF「隨機森林分類器(RandomForestClassifier)某全球共享乘車平台的資料科學團隊,正針對2025年第四季度進行營收優化與防弊分析專案.團隊希望透過」｜CSV「隨機森林分類器(RandomForestClassifier)第二科:大數據處理分析與應用答案題目某全球共享乘車平台的資料科學團隊,正針對2025年第四季度進行」"
B2-091,B2,115年第一次中級AI應用規劃師_第二科_大數據處理分析與應用_公告試題_20260615003417.pdf,41,41,FAIL,PASS,FAIL,PASS,FAIL,是,1,C4 頁首文字混入,選項4不符（C4：刪0/增18/改0）,L1 文件名稱無法對應實體檔 | L4 選項4混入頁首文字 | L4 選項4多餘連續空白,"PDF「直接刪除所有遺失資料,因數值型欄位不適合進行補值處理」｜CSV「直接刪除所有遺失資料,因數值型欄位不適合進行補值處理第二科:大數據處理分析與應用答案題目」"
B2-092,B2,115年第一次中級AI應用規劃師_第二科_大數據處理分析與應用_公告試題_20260615003417.pdf,42,42,PASS,PASS,FAIL,PASS,PASS,否,0,-,完全一致,L1 文件名稱無法對應實體檔,
B2-093,B2,115年第一次中級AI應用規劃師_第二科_大數據處理分析與應用_公告試題_20260615003417.pdf,43,43,PASS,PASS,FAIL,PASS,PASS,是,1,-,完全一致,L1 文件名稱無法對應實體檔,
B2-094,B2,115年第一次中級AI應用規劃師_第二科_大數據處理分析與應用_公告試題_20260615003417.pdf,44,44,FAIL,PASS,FAIL,PASS,FAIL,否,0,C4 頁首文字混入,選項4不符（C4：刪0/增18/改0）,L1 文件名稱無法對應實體檔 | L4 選項4混入頁首文字 | L4 選項4多餘連續空白,"PDF「選擇使模型特異度(Specificity)達到100%的門檻,以確保正常司機不會被誤判請依照以下情境回答第45~47題.資料分析師載入一份電商交易紀錄的Pand」｜CSV「選擇使模型特異度(Specificity)達到100%的門檻,以確保正常司機不會被誤判第二科:大數據處理分析與應用答案題目請依照以下情境回答第45~47題.資料」"
B2-095,B2,115年第一次中級AI應用規劃師_第二科_大數據處理分析與應用_公告試題_20260615003417.pdf,45,45,PASS,PASS,FAIL,PASS,PASS,是,0,-,完全一致,L1 文件名稱無法對應實體檔,
B2-096,B2,115年第一次中級AI應用規劃師_第二科_大數據處理分析與應用_公告試題_20260615003417.pdf,46,46,PASS,PASS,FAIL,PASS,PASS,否,0,-,完全一致,L1 文件名稱無法對應實體檔,
B2-097,B2,115年第一次中級AI應用規劃師_第二科_大數據處理分析與應用_公告試題_20260615003417.pdf,47,47,FAIL,PASS,FAIL,PASS,FAIL,否,0,C4 頁首文字混入,選項4不符（C4：刪0/增18/改0）,L1 文件名稱無法對應實體檔 | L4 選項4混入頁首文字 | L4 選項4多餘連續空白,"PDF「df.join(customers,on='CustomerID')請根據下方資訊回答第48~50題」｜CSV「df.join(customers,on='CustomerID')第二科:大數據處理分析與應用答案題目請根據下方資訊回答第48~50題」"
B2-098,B2,115年第一次中級AI應用規劃師_第二科_大數據處理分析與應用_公告試題_20260615003417.pdf,48,48,PASS,PASS,FAIL,PASS,PASS,是,1,-,完全一致,L1 文件名稱無法對應實體檔,
B2-099,B2,115年第一次中級AI應用規劃師_第二科_大數據處理分析與應用_公告試題_20260615003417.pdf,49,49,FAIL,PASS,FAIL,PASS,FAIL,是,5,C4 頁首文字混入,題幹不符（C4：刪0/增18/改0）,L1 文件名稱無法對應實體檔 | L4 題目混入頁首文字,"PDF「在進行機器學習建模前,資料分析師已完成資料前處理(包含遺漏值處理與特徵標準化),並準備建立分類模型.已知資料流程如下:1.將資料區分為訓練集與測試集2.建立羅吉」｜CSV「在進行機器學習建模前,資料分析師已完成資料前處理(包含遺漏值處理與特徵標準化),並準備建立分類模型.已知資料流程如下:1.將資料區分為訓練集與測試集2.建立羅吉」"
B2-100,B2,115年第一次中級AI應用規劃師_第二科_大數據處理分析與應用_公告試題_20260615003417.pdf,50,50,PASS,PASS,FAIL,PASS,PASS,是,2,-,完全一致,L1 文件名稱無法對應實體檔,
B3-051,B3,115年第一次中級AI應用規劃師_第三科_機器學習技術與應用_公告試題_20260615003428.pdf,1,1,PASS,PASS,FAIL,PASS,PASS,否,0,-,完全一致,L1 文件名稱無法對應實體檔,
B3-052,B3,115年第一次中級AI應用規劃師_第三科_機器學習技術與應用_公告試題_20260615003428.pdf,2,2,PASS,PASS,FAIL,PASS,PASS,否,0,-,完全一致,L1 文件名稱無法對應實體檔,
B3-053,B3,115年第一次中級AI應用規劃師_第三科_機器學習技術與應用_公告試題_20260615003428.pdf,3,3,PASS,PASS,FAIL,PASS,PASS,否,0,-,完全一致,L1 文件名稱無法對應實體檔,
B3-054,B3,115年第一次中級AI應用規劃師_第三科_機器學習技術與應用_公告試題_20260615003428.pdf,4,4,PASS,PASS,FAIL,PASS,PASS,否,0,-,完全一致,L1 文件名稱無法對應實體檔,
B3-055,B3,115年第一次中級AI應用規劃師_第三科_機器學習技術與應用_公告試題_20260615003428.pdf,5,5,FAIL,PASS,FAIL,PASS,FAIL,否,0,C4 頁首文字混入,題幹不符（C4：刪0/增17/改0）,L1 文件名稱無法對應實體檔 | L4 題目混入頁首文字,"PDF「某工程師完成多元線性迴歸模型後,繪製殘差圖(ResidualPlot),發現殘差隨預測值增大而呈現擴散現象(右側明顯比左側分散).此現象最可能代表什麼問題?」｜CSV「某工程師完成多元線性迴歸模型後,繪製殘差圖(ResidualPlot),發現殘差隨預第三科:機器學習技術與應用答案題目測值增大而呈現擴散現象(右側明顯比左側分散」"
B3-056,B3,115年第一次中級AI應用規劃師_第三科_機器學習技術與應用_公告試題_20260615003428.pdf,6,6,PASS,PASS,FAIL,PASS,PASS,否,0,-,完全一致,L1 文件名稱無法對應實體檔,
B3-057,B3,115年第一次中級AI應用規劃師_第三科_機器學習技術與應用_公告試題_20260615003428.pdf,7,7,PASS,PASS,FAIL,PASS,PASS,否,0,-,完全一致,L1 文件名稱無法對應實體檔,
B3-058,B3,115年第一次中級AI應用規劃師_第三科_機器學習技術與應用_公告試題_20260615003428.pdf,8,8,PASS,PASS,FAIL,PASS,PASS,否,0,-,完全一致,L1 文件名稱無法對應實體檔,
B3-059,B3,115年第一次中級AI應用規劃師_第三科_機器學習技術與應用_公告試題_20260615003428.pdf,9,9,FAIL,PASS,FAIL,PASS,FAIL,否,0,C4 頁首文字混入,題幹不符（C4：刪0/增17/改0）,L1 文件名稱無法對應實體檔 | L4 題目混入頁首文字,"PDF「某工程師訓練深度神經網路時發現損失函數震盪嚴重且收斂速度慢,改用Adam優化器後訓練變得穩定且收斂更快.下列何者為Adam能改善此問題的主要原因?」｜CSV「某工程師訓練深度神經網路時發現損失函數震盪嚴重且收斂速度慢,改用Adam優化器後訓練變得穩定且收斂更快.下列何者為Adam能改善此問題的主要原因?第三科:機器學」"
B3-060,B3,115年第一次中級AI應用規劃師_第三科_機器學習技術與應用_公告試題_20260615003428.pdf,10,10,PASS,PASS,FAIL,PASS,PASS,否,0,-,完全一致,L1 文件名稱無法對應實體檔,
B3-061,B3,115年第一次中級AI應用規劃師_第三科_機器學習技術與應用_公告試題_20260615003428.pdf,11,11,PASS,PASS,FAIL,PASS,PASS,否,0,-,完全一致,L1 文件名稱無法對應實體檔,
B3-062,B3,115年第一次中級AI應用規劃師_第三科_機器學習技術與應用_公告試題_20260615003428.pdf,12,12,PASS,PASS,FAIL,PASS,PASS,否,0,-,完全一致,L1 文件名稱無法對應實體檔,
B3-063,B3,115年第一次中級AI應用規劃師_第三科_機器學習技術與應用_公告試題_20260615003428.pdf,13,13,FAIL,PASS,FAIL,PASS,FAIL,否,0,C4 頁首文字混入,題幹不符（C4：刪0/增17/改0）,L1 文件名稱無法對應實體檔 | L4 題目混入頁首文字,"PDF「某工程師訓練文本情感分類模型,訓練集F1=0.96,驗證集F1=0.71,落差明顯,顯示模型出現過擬合.下列哪一種策略能最直接從降低模型複雜度的角度緩解過擬合?」｜CSV「某工程師訓練文本情感分類模型,訓練集F1=0.96,驗證集F1=0.71,落差明顯,第三科:機器學習技術與應用答案題目顯示模型出現過擬合.下列哪一種策略能最直接」"
B3-064,B3,115年第一次中級AI應用規劃師_第三科_機器學習技術與應用_公告試題_20260615003428.pdf,14,14,PASS,PASS,FAIL,PASS,PASS,否,0,-,完全一致,L1 文件名稱無法對應實體檔,
B3-065,B3,115年第一次中級AI應用規劃師_第三科_機器學習技術與應用_公告試題_20260615003428.pdf,15,15,PASS,PASS,FAIL,PASS,PASS,是,0,-,完全一致,L1 文件名稱無法對應實體檔,
B3-066,B3,115年第一次中級AI應用規劃師_第三科_機器學習技術與應用_公告試題_20260615003428.pdf,16,16,FAIL,PASS,FAIL,PASS,FAIL,否,0,C4 頁首文字混入,選項3不符（C4：刪0/增18/改0）,L1 文件名稱無法對應實體檔 | L4 選項3混入頁首文字 | L4 選項3多餘連續空白,PDF「加入卷積運算(Convolution)以萃取特徵間的空間關係」｜CSV「加入卷積運算(Convolution)以萃取特徵間的空間關係;第三科:機器學習技術與應用答案題目」
B3-067,B3,115年第一次中級AI應用規劃師_第三科_機器學習技術與應用_公告試題_20260615003428.pdf,17,17,PASS,PASS,FAIL,PASS,PASS,否,0,-,完全一致,L1 文件名稱無法對應實體檔,
B3-068,B3,115年第一次中級AI應用規劃師_第三科_機器學習技術與應用_公告試題_20260615003428.pdf,18,18,PASS,PASS,FAIL,PASS,PASS,否,0,-,完全一致,L1 文件名稱無法對應實體檔,
B3-069,B3,115年第一次中級AI應用規劃師_第三科_機器學習技術與應用_公告試題_20260615003428.pdf,19,19,PASS,PASS,FAIL,PASS,PASS,否,0,-,完全一致,L1 文件名稱無法對應實體檔,
B3-070,B3,115年第一次中級AI應用規劃師_第三科_機器學習技術與應用_公告試題_20260615003428.pdf,20,20,FAIL,PASS,FAIL,PASS,FAIL,否,0,C4 頁首文字混入,選項1不符（C4：刪0/增18/改0）,L1 文件名稱無法對應實體檔 | L4 選項1混入頁首文字 | L4 選項1多餘連續空白,"PDF「使用ReLU作為激活函數,輸出維度設為1,直接輸出單一數值作為預測結果」｜CSV「使用ReLU作為激活函數,輸出維度設為1,直接輸出單一數值作為預測結果;第三科:機器學習技術與應用答案題目」"
B3-071,B3,115年第一次中級AI應用規劃師_第三科_機器學習技術與應用_公告試題_20260615003428.pdf,21,21,PASS,PASS,FAIL,PASS,PASS,否,0,-,完全一致,L1 文件名稱無法對應實體檔,
B3-072,B3,115年第一次中級AI應用規劃師_第三科_機器學習技術與應用_公告試題_20260615003428.pdf,22,22,PASS,PASS,FAIL,PASS,PASS,否,0,-,完全一致,L1 文件名稱無法對應實體檔,
B3-073,B3,115年第一次中級AI應用規劃師_第三科_機器學習技術與應用_公告試題_20260615003428.pdf,23,23,PASS,PASS,FAIL,PASS,PASS,否,0,-,完全一致,L1 文件名稱無法對應實體檔,
B3-074,B3,115年第一次中級AI應用規劃師_第三科_機器學習技術與應用_公告試題_20260615003428.pdf,24,24,FAIL,PASS,FAIL,PASS,FAIL,否,0,C4 頁首文字混入,選項4不符（C4：刪0/增17/改0）,L1 文件名稱無法對應實體檔 | L4 選項4混入頁首文字 | L4 選項4多餘連續空白,PDF「One-Hot編碼(One-HotEncoding)」｜CSV「One-Hot編碼(One-HotEncoding)第三科:機器學習技術與應用答案題目」
B3-075,B3,115年第一次中級AI應用規劃師_第三科_機器學習技術與應用_公告試題_20260615003428.pdf,25,25,PASS,PASS,FAIL,PASS,PASS,否,0,-,完全一致,L1 文件名稱無法對應實體檔,
B3-076,B3,115年第一次中級AI應用規劃師_第三科_機器學習技術與應用_公告試題_20260615003428.pdf,26,26,PASS,PASS,FAIL,PASS,PASS,否,0,-,完全一致,L1 文件名稱無法對應實體檔,
B3-077,B3,115年第一次中級AI應用規劃師_第三科_機器學習技術與應用_公告試題_20260615003428.pdf,27,27,PASS,PASS,FAIL,PASS,PASS,否,0,-,完全一致,L1 文件名稱無法對應實體檔,
B3-078,B3,115年第一次中級AI應用規劃師_第三科_機器學習技術與應用_公告試題_20260615003428.pdf,28,28,PASS,PASS,FAIL,PASS,FAIL,否,0,-,完全一致,L1 文件名稱無法對應實體檔 | L4 選項4多餘連續空白,
B3-079,B3,115年第一次中級AI應用規劃師_第三科_機器學習技術與應用_公告試題_20260615003428.pdf,29,29,FAIL,PASS,FAIL,PASS,FAIL,否,0,C4 頁首文字混入,題幹不符（C4：刪0/增17/改0）,L1 文件名稱無法對應實體檔 | L4 題目混入頁首文字,"PDF「某工廠設備監測系統需偵測馬達軸承的異常振動,但過去僅記錄了大量正常運作的振動時序資料,缺乏任何已確認故障的標註樣本.請問下列何種任務範疇最符合此情境下的異常偵測」｜CSV「某工廠設備監測系統需偵測馬達軸承的異常振動,但過去僅記錄了大量正常運作的振動時序資料,缺乏任何已確認故障的標註樣本.請問下列何種任務範疇最符第三科:機器學習技術」"
B3-080,B3,115年第一次中級AI應用規劃師_第三科_機器學習技術與應用_公告試題_20260615003428.pdf,30,30,PASS,PASS,FAIL,PASS,PASS,否,0,-,完全一致,L1 文件名稱無法對應實體檔,
B3-081,B3,115年第一次中級AI應用規劃師_第三科_機器學習技術與應用_公告試題_20260615003428.pdf,31,31,PASS,PASS,FAIL,PASS,FAIL,否,0,-,完全一致,L1 文件名稱無法對應實體檔 | L4 選項3多餘連續空白,
B3-082,B3,115年第一次中級AI應用規劃師_第三科_機器學習技術與應用_公告試題_20260615003428.pdf,32,32,PASS,PASS,FAIL,PASS,PASS,否,0,-,完全一致,L1 文件名稱無法對應實體檔,
B3-083,B3,115年第一次中級AI應用規劃師_第三科_機器學習技術與應用_公告試題_20260615003428.pdf,33,33,FAIL,PASS,FAIL,PASS,FAIL,否,0,C4 頁首文字混入,選項1不符（C4：刪0/增17/改0）,L1 文件名稱無法對應實體檔 | L4 選項1混入頁首文字 | L4 選項1多餘連續空白,"PDF「Lasso迴歸(L1正則化):透過絕對值懲罰使部分係數歸零,具有特徵選擇效果」｜CSV「Lasso迴歸(L1正則化):透過絕對值懲罰使部分係數歸零,具有特徵選擇效第三科:機器學習技術與應用答案題目果」"
B3-084,B3,115年第一次中級AI應用規劃師_第三科_機器學習技術與應用_公告試題_20260615003428.pdf,34,34,PASS,PASS,FAIL,PASS,PASS,否,0,-,完全一致,L1 文件名稱無法對應實體檔,
B3-085,B3,115年第一次中級AI應用規劃師_第三科_機器學習技術與應用_公告試題_20260615003428.pdf,35,35,PASS,PASS,FAIL,PASS,PASS,否,0,-,完全一致,L1 文件名稱無法對應實體檔,
B3-086,B3,115年第一次中級AI應用規劃師_第三科_機器學習技術與應用_公告試題_20260615003428.pdf,36,36,PASS,PASS,FAIL,PASS,PASS,否,0,-,完全一致,L1 文件名稱無法對應實體檔,
B3-087,B3,115年第一次中級AI應用規劃師_第三科_機器學習技術與應用_公告試題_20260615003428.pdf,37,37,FAIL,PASS,FAIL,PASS,FAIL,否,0,C4 頁首文字混入,選項3不符（C4：刪0/增17/改0）,L1 文件名稱無法對應實體檔 | L4 選項3混入頁首文字 | L4 選項3多餘連續空白,PDF「Grad-CAM(Gradient-weightedClassActivationMapping):以熱力圖解釋影像模型」｜CSV「Grad-CAM(Gradient-weightedClassActivationMapping):以熱力圖解釋影像第三科:機器學習技術與應用答案題目模型」
B3-088,B3,115年第一次中級AI應用規劃師_第三科_機器學習技術與應用_公告試題_20260615003428.pdf,38,38,PASS,PASS,FAIL,PASS,PASS,否,0,-,完全一致,L1 文件名稱無法對應實體檔,
B3-089,B3,115年第一次中級AI應用規劃師_第三科_機器學習技術與應用_公告試題_20260615003428.pdf,39,39,FAIL,PASS,FAIL,PASS,FAIL,否,0,C4 頁首文字混入,選項4不符（C4：刪0/增17/改0）,L1 文件名稱無法對應實體檔 | L4 選項4混入頁首文字 | L4 選項4多餘連續空白,"PDF「改用人口統計均等指標(DemographicParity),錯誤拒絕比例差異將自動消失二,程式題」｜CSV「改用人口統計均等指標(DemographicParity),錯誤拒絕比例差異將自動消失第三科:機器學習技術與應用二,程式題題目答案」"
B3-090,B3,115年第一次中級AI應用規劃師_第三科_機器學習技術與應用_公告試題_20260615003428.pdf,40,40,FAIL,PASS,FAIL,PASS,PASS,是,1,C2 內容刪節; C3 圖片題內容不完整,選項1不符（C3：刪0/增0/改26） | 選項2不符（C2：刪42/增0/改0）,L1 文件名稱無法對應實體檔,"PDF「與」｜CSV「sigmoid,mean_squared_error」"
B3-091,B3,115年第一次中級AI應用規劃師_第三科_機器學習技術與應用_公告試題_20260615003428.pdf,41,41,FAIL,PASS,FAIL,PASS,FAIL,是,1,C4 頁首文字混入,題幹不符（C4：刪0/增17/改0）,L1 文件名稱無法對應實體檔 | L4 題目混入頁首文字 | L4 選項4多餘連續空白,"PDF「工程師使用PyTorch建立OCR訓練pipeline,並對手寫字母資料集套用下圖程式進行資料增強(Transform).模型在訓練過程中顯示驗證損失(Vali」｜CSV「工程師使用PyTorch建立OCR訓練pipeline,並對手寫字母資料集套用下圖程式進行資料增強(Transform).模型在訓練過程中顯示驗證損失(Vali」"
B3-092,B3,115年第一次中級AI應用規劃師_第三科_機器學習技術與應用_公告試題_20260615003428.pdf,42,42,FAIL,PASS,FAIL,PASS,PASS,是,1,C2 內容刪節,選項1不符（C2：刪35/增0/改0）,L1 文件名稱無法對應實體檔,"PDF「將所有既有權重的梯度計算關閉,這在遷移學習中屬於哪一種標準策略?(A)全面微調(FullFine-Tuning)」｜CSV「全面微調(FullFine-Tuning)」"
B3-093,B3,115年第一次中級AI應用規劃師_第三科_機器學習技術與應用_公告試題_20260615003428.pdf,43,43,FAIL,PASS,FAIL,PASS,FAIL,是,1,C4 頁首文字混入,選項4不符（C4：刪0/增17/改0）,L1 文件名稱無法對應實體檔 | L4 選項4混入頁首文字 | L4 選項4多餘連續空白,"PDF「為了避免更新步伐過大,破壞預訓練模型原本已學好的良好特徵表示請依據下方資訊回答第44~45題.Iris是UCIDataset上的一組經典資料集,常被用來教學與測」｜CSV「為了避免更新步伐過大,破壞預訓練模型原本已學好的良好特徵表示第三科:機器學習技術與應用題目答案請依據下方資訊回答第44~45題.Iris是UCIDataset上」"
B3-094,B3,115年第一次中級AI應用規劃師_第三科_機器學習技術與應用_公告試題_20260615003428.pdf,44,44,FAIL,PASS,FAIL,PASS,FAIL,是,5,C4 頁首文字混入,題幹不符（C4：刪0/增17/改0）,L1 文件名稱無法對應實體檔 | L4 題目混入頁首文字,"PDF「研究人員撰寫的程式中(下圖),先用整體資料進行LDA(LinearDiscriminantAnalysis)降維,接著再用KNN(K-NearestNeighb」｜CSV「研究人員撰寫的程式中(下圖),先用整體資料進行LDA(LinearDiscriminantAnalysis)降維,接著再用KNN(K-NearestNeighb」"
B3-095,B3,115年第一次中級AI應用規劃師_第三科_機器學習技術與應用_公告試題_20260615003428.pdf,45,45,FAIL,PASS,FAIL,PASS,FAIL,是,6,C4 頁首文字混入,選項4不符（C4：刪0/增17/改0）,L1 文件名稱無法對應實體檔 | L4 選項4混入頁首文字 | L4 選項4多餘連續空白,"PDF「程式碼C,程式碼D請依據下方資訊回答第46~48題.使用CIFAR-10資料集以建立卷積神經網路(CNN),進行彩色影像之分類與辨識分析.CIFAR-10為一常」｜CSV「程式碼C,程式碼D第三科:機器學習技術與應用題目答案請依據下方資訊回答第46~48題.使用CIFAR-10資料集以建立卷積神經網路(CNN),進行彩色影像之分類」"
B3-096,B3,115年第一次中級AI應用規劃師_第三科_機器學習技術與應用_公告試題_20260615003428.pdf,46,46,FAIL,PASS,FAIL,PASS,FAIL,是,5,C4 頁首文字混入,題幹不符（C4：刪0/增17/改0）,L1 文件名稱無法對應實體檔 | L4 題目混入頁首文字,"PDF「參考下圖資料處理,下列哪一項描述組合正確?」｜CSV「參考下圖資料處理,下列哪一項描述組合正確?第三科:機器學習技術與應用題目答案」"
B3-097,B3,115年第一次中級AI應用規劃師_第三科_機器學習技術與應用_公告試題_20260615003428.pdf,47,47,PASS,PASS,FAIL,PASS,PASS,是,5,-,完全一致,L1 文件名稱無法對應實體檔,
B3-098,B3,115年第一次中級AI應用規劃師_第三科_機器學習技術與應用_公告試題_20260615003428.pdf,48,48,FAIL,PASS,FAIL,PASS,FAIL,是,4,C4 頁首文字混入,題幹不符（C4：刪0/增17/改0）,L1 文件名稱無法對應實體檔 | L4 題目混入頁首文字 | L4 選項4多餘連續空白,"PDF「參考下圖繪圖結果,當Epochs=6時,訓練曲線值(0.81)明顯大於驗證曲線值(0.72),下列何者為最可能的原因?」｜CSV「參考下圖繪圖結果,當Epochs=6時,訓練曲線值(0.81)明顯大於驗證曲線值(0.72),第三科:機器學習技術與應用題目答案下列何者為最可能的原因?」"
B3-099,B3,115年第一次中級AI應用規劃師_第三科_機器學習技術與應用_公告試題_20260615003428.pdf,49,49,FAIL,PASS,FAIL,PASS,FAIL,否,0,C4 頁首文字混入,選項1不符（C4：刪0/增18/改0）,L1 文件名稱無法對應實體檔 | L4 選項1混入頁首文字 | L4 選項1多餘連續空白 | L4 選項3多餘連續空白,PDF「VGG(VisualGeometryGroup):透過重複堆疊3×3卷積層與池化層來維持梯度穩定」｜CSV「VGG(VisualGeometryGroup):透過重複堆疊3×3卷積層與池化層來維持梯度穩定;第三科:機器學習技術與應用題目答案」
B3-100,B3,115年第一次中級AI應用規劃師_第三科_機器學習技術與應用_公告試題_20260615003428.pdf,50,50,PASS,PASS,FAIL,PASS,PASS,是,1,-,完全一致,L1 文件名稱無法對應實體檔,
