編號,分類,對應PDF,PDF題號,圖片數,圖片檔名,題幹
B1-069,B1,115年第一次中級AI應用規劃師_第一科_人工智慧技術應用與規劃_公告試題_20260615003359.pdf,19,1,B1-069.png,一家電商公司已將推薦系統AI模型上線三個月，業務主管要求專案團隊評估導入成效。團隊根據下圖數據得出結論：「因為AUC高達0.91，模型表現優異，AI導入成效良好
B2-003,B2,114年第二梯次中級AI應用規劃師第二科大數據處理分析與應用(當次試題公告114_20251226000634.pdf,3,1,B2-003.png,附圖為某資料之分佈圖，此圖資料之偏態（Skewness）值較有可能為下列哪個選項？
B2-040,B2,114年第二梯次中級AI應用規劃師第二科大數據處理分析與應用(當次試題公告114_20251226000634.pdf,40,1,B2-040.png,請參考附圖，下列虛擬程式碼（pseudocode）最可能是在描述何種驗證法？
B2-041,B2,114年第二梯次中級AI應用規劃師第二科大數據處理分析與應用(當次試題公告114_20251226000634.pdf,41,1,B2-041.png,請參考附圖，下列虛擬程式碼（pseudocode）最可能是在描述何種演算法？
B2-042,B2,114年第二梯次中級AI應用規劃師第二科大數據處理分析與應用(當次試題公告114_20251226000634.pdf,42,1,B2-042.png,考慮某生產線每小時出現瑕疵品的個數符合卜瓦松分佈（PoissonDistribution），已知平均每小時產生5個瑕疵品，附圖程式碼展示資料處理，請問下列敘述何
B2-043,B2,114年第二梯次中級AI應用規劃師第二科大數據處理分析與應用(當次試題公告114_20251226000634.pdf,43,1,B2-043.png,分析師在載入資料後，檢視Year欄位的資料型態，發現它是float64，而非一般年份常用的整數。他想了解這樣的情形為什麼會發生。請問下列哪些原因可能導致這種狀況
B2-047,B2,114年第二梯次中級AI應用規劃師第二科大數據處理分析與應用(當次試題公告114_20251226000634.pdf,47,1,B2-047.png,研究團隊想要知道在北美地區（NA）銷售成績最好的遊戲前五名，並希望以seaborn的條狀圖呈現結果。請選出能正確完成這項分析的程式碼。
B2-049,B2,114年第二梯次中級AI應用規劃師第二科大數據處理分析與應用(當次試題公告114_20251226000634.pdf,49,1,B2-049.png,參考下圖計算各變數的遺漏值(NaN)個數結果，下列何者正確？選項A:df.isnull().sum()選項B:df.isNaN().sum()選項C:df.is
B2-050,B2,114年第二梯次中級AI應用規劃師第二科大數據處理分析與應用(當次試題公告114_20251226000634.pdf,50,1,B2-050.png,"考慮資料集已經填補遺漏值，參考下圖執行結果，下列何者正確？A：空格1完整語法reg=LinearRegression().fit(y,X)B：空格1完整語法re"
B2-052,B2,115年第一次中級AI應用規劃師_第二科_大數據處理分析與應用_公告試題_20260615003417.pdf,2,1,B2-052.png,下圖為吉尼不純度（GiniImpurity）的計算公式，在決策樹（DecisionTree）中，吉尼不純度用於評估節點分裂的品質。關於吉尼不純度，下列敘述何者不
B2-058,B2,115年第一次中級AI應用規劃師_第二科_大數據處理分析與應用_公告試題_20260615003417.pdf,8,1,B2-058.png,某咖啡店聲稱其平均外送時間為36分鐘，母體標準差為16分鐘。顧客保護團體抽樣9筆訂單，發現平均外送時間為40分鐘。若採用右尾Z檢定（H₁:μ>36），顯著水準α
B2-069,B2,115年第一次中級AI應用規劃師_第二科_大數據處理分析與應用_公告試題_20260615003417.pdf,19,1,B2-069.png,下圖表為電商平台某時段的交易紀錄（共8筆訂單），對圖表內的資料執行Apriori演算法，設定最低支援度為3。請問最終保留下來的最大頻繁項目集為何？
B2-073,B2,115年第一次中級AI應用規劃師_第二科_大數據處理分析與應用_公告試題_20260615003417.pdf,23,1,B2-073.png,"ReceiverOperatingCharacteristic（ROC）曲線係由單一分類模型在不同決策閾值下形成，並以真陽率（TruePositiveRate,"
B2-089,B2,115年第一次中級AI應用規劃師_第二科_大數據處理分析與應用_公告試題_20260615003417.pdf,39,1,B2-089.png,在建構自動化資料清洗管線時，工程師撰寫一個用於補齊缺失欄位的Python函式，如下圖所示。當此函式連續處理兩筆獨立的資料（row1與row2）後，請問第二筆資料
B2-090,B2,115年第一次中級AI應用規劃師_第二科_大數據處理分析與應用_公告試題_20260615003417.pdf,40,1,B2-090.png,下圖為一段分類演算法的pseudocode，請問最可能對應下列哪一種演算法？
B2-091,B2,115年第一次中級AI應用規劃師_第二科_大數據處理分析與應用_公告試題_20260615003417.pdf,41,1,B2-091.png,資料分析師使用Python檢視daily_earnings欄位的基本統計量，執行以下程式碼（Pandas2以上版本）：輸出結果如下：●mean：223.4113
B2-093,B2,115年第一次中級AI應用規劃師_第二科_大數據處理分析與應用_公告試題_20260615003417.pdf,43,1,B2-093.png,平台安全部門發現，僅有極少數司機（約占總體0.05%）會利用外掛程式竄改gps_ping_rate，以騙取里程補貼。某新進資料科學家訓練了一個二元分類模型，並在
B2-099,B2,115年第一次中級AI應用規劃師_第二科_大數據處理分析與應用_公告試題_20260615003417.pdf,49,3,B2-099.png,在進行機器學習建模前，資料分析師已完成資料前處理（包含遺漏值處理與特徵標準化），並準備建立分類模型。已知資料流程如下：1.將資料區分為訓練集與測試集2.建立羅吉
B2-100,B2,115年第一次中級AI應用規劃師_第二科_大數據處理分析與應用_公告試題_20260615003417.pdf,50,1,B2-100.png,參考下圖程式碼，下列描述何者正確？
B3-038,B3,114年第二梯次中級AI應用規劃師第三科機器學習技術與應用(當次試題公告114_20251226000650.pdf,38,1,B3-038.png,附圖程式碼所計算的是哪一類型的評估指標？
B3-039,B3,114年第二梯次中級AI應用規劃師第三科機器學習技術與應用(當次試題公告114_20251226000650.pdf,39,1,B3-039.png,附圖程式碼實現的是哪一種正則化技術？
B3-040,B3,114年第二梯次中級AI應用規劃師第三科機器學習技術與應用(當次試題公告114_20251226000650.pdf,40,1,B3-040.png,依據附圖程式碼進行資料處理，下列何者正確？
B3-041,B3,114年第二梯次中級AI應用規劃師第三科機器學習技術與應用(當次試題公告114_20251226000650.pdf,41,2,B3-041.png,考慮擲出骰子並採用MonteCarlo方法估算條件機率，參考附圖程式碼。事件A：擲出偶數事件B：擲出大於3請問下列何者為條件機率P(A∣B)的正確值？
B3-045,B3,114年第二梯次中級AI應用規劃師第三科機器學習技術與應用(當次試題公告114_20251226000650.pdf,45,6,B3-045_p14.png;B3-045_p15.png,在實務應用中，我們常使用遷移學習(transferlearning)技巧，即載入預訓練模型（如VGG16），凍結部分層的參數，只針對特定任務重新訓練最後幾層，這
B3-046,B3,114年第二梯次中級AI應用規劃師第三科機器學習技術與應用(當次試題公告114_20251226000650.pdf,46,3,B3-046.png,假設研究人員已將含有雜訊的手寫數字影像存放在變數noisy中。部分資料經視覺化後的外觀如下：他們嘗試使用PCA進行降噪，並希望能保留影像的主要特徵，同時去除影像
B3-047,B3,114年第二梯次中級AI應用規劃師第三科機器學習技術與應用(當次試題公告114_20251226000650.pdf,47,5,B3-047_p15.png;B3-047_p16.png,研究人員在對digits資料集進行分類時，決定使用KNN並搭配交叉驗證來評估模型準確率。他們撰寫了四組不同的程式碼來進行KNN訓練與交叉驗證，但不確定哪幾組程式
B3-048,B3,114年第二梯次中級AI應用規劃師第三科機器學習技術與應用(當次試題公告114_20251226000650.pdf,48,1,B3-048.png,參考下圖程式碼，下列何者正確？A：X_train-=X_train.mean(axis=0)將每個訓練集特徵的平均值調整為0B：X_train/=X_train
B3-049,B3,114年第二梯次中級AI應用規劃師第三科機器學習技術與應用(當次試題公告114_20251226000650.pdf,49,2,B3-049.png,參考下圖執行結果，下列何者正確？
B3-050,B3,114年第二梯次中級AI應用規劃師第三科機器學習技術與應用(當次試題公告114_20251226000650.pdf,50,3,B3-050_p18.png;B3-050_p19.png,"參考下圖執行結果，下列何者正確？A：空格1須填入""b-""B：空格2須填入""b--""C：空格1須填入""r-""D：空格2須填入""r--""E：驗證損失明顯較訓練損失減"
B3-090,B3,115年第一次中級AI應用規劃師_第三科_機器學習技術與應用_公告試題_20260615003428.pdf,40,1,B3-090.png,分析師準備建立一個能將手寫數字圖片（28x28像素展平為784維度）分為0~9共10個類別的多層感知機（MLP），且標籤已轉為One-Hot編碼（One-Hot
B3-091,B3,115年第一次中級AI應用規劃師_第三科_機器學習技術與應用_公告試題_20260615003428.pdf,41,1,B3-091.png,工程師使用PyTorch建立OCR訓練pipeline，並對手寫字母資料集套用下圖程式進行資料增強（Transform）。模型在訓練過程中顯示驗證損失（Vali
B3-094,B3,115年第一次中級AI應用規劃師_第三科_機器學習技術與應用_公告試題_20260615003428.pdf,44,1,B3-094.png,研究人員撰寫的程式中（下圖），先用整體資料進行LDA（LinearDiscriminantAnalysis）降維，接著再用KNN（K-NearestNeighb
B3-095,B3,115年第一次中級AI應用規劃師_第三科_機器學習技術與應用_公告試題_20260615003428.pdf,45,3,B3-095_p14.png;B3-095_p15.png,研究人員在程式（下圖）中使用cross_val_score進行交叉驗證，但目前尚未設定cv參數。他們希望確保在每次資料分割時，訓練集與測試集的類別比例與原始資料
B3-096,B3,115年第一次中級AI應用規劃師_第三科_機器學習技術與應用_公告試題_20260615003428.pdf,46,2,B3-096.png,參考下圖資料處理，下列哪一項描述組合正確？
B3-097,B3,115年第一次中級AI應用規劃師_第三科_機器學習技術與應用_公告試題_20260615003428.pdf,47,2,B3-097.png,參考下圖建立模型結果，下列哪一項描述組合正確？
B3-098,B3,115年第一次中級AI應用規劃師_第三科_機器學習技術與應用_公告試題_20260615003428.pdf,48,1,B3-098.png,參考下圖繪圖結果，當Epochs=6時，訓練曲線值(0.81)明顯大於驗證曲線值(0.72)，下列何者為最可能的原因？
B3-100,B3,115年第一次中級AI應用規劃師_第三科_機器學習技術與應用_公告試題_20260615003428.pdf,50,1,B3-100.png,為了修復訓練過程中Loss突然變成NaN的問題，工程師考慮在PyTorch訓練迴圈中加入梯度裁剪（GradientClipping）機制，例如torch.nn.
