編號,分類,現況圖片檔,共用此檔的題號,PDF實際圖片數,正確圖片檔,判定,題幹
B1-068,B1,B1-068.jpeg,B1-068、B1-069、B1-070,0,(此題不需圖),❌ 錯配：此題在 PDF 中沒有任何圖片,某醫院的AI研究團隊正在開發一套整合「CT影像+電子病歷文本+基因序列」三種模態資料的癌症預測模型。請問在此場景中採用「跨模態對齊（Cros
B1-069,B1,B1-069.jpeg,B1-068、B1-069、B1-070,1,B1-069.png,⚠️ 與其他題共用同一檔（3 題共用），至多一題正確,一家電商公司已將推薦系統AI模型上線三個月，業務主管要求專案團隊評估導入成效。團隊根據下圖數據得出結論：「因為AUC高達0.91，模型表現優
B1-070,B1,B1-070.jpeg,B1-068、B1-069、B1-070,0,(此題不需圖),❌ 錯配：此題在 PDF 中沒有任何圖片,某電商公司計畫導入即時推薦系統，希望使用者進入網站後能在100毫秒內取得推薦結果，且推薦結果需依據最新使用者行為進行調整。系統需支援每日約5
B2-001,B2,B2-001.jpeg,B2-001、B2-002、B2-003、B2-004,0,(此題不需圖),❌ 錯配：此題在 PDF 中沒有任何圖片,若某數據點的Z分數（Z-Score）=2，請問代表下列哪一種意涵？
B2-002,B2,B2-002.jpeg,B2-001、B2-002、B2-003、B2-004,0,(此題不需圖),❌ 錯配：此題在 PDF 中沒有任何圖片,使用Python的pandas套件處理各商品銷售數據（變數為df）時，若需計算「總銷售額」欄位的敘述性統計量（如平均值、標準差等），應使用下
B2-003,B2,B2-003.jpeg,B2-001、B2-002、B2-003、B2-004,1,B2-003.png,⚠️ 與其他題共用同一檔（4 題共用），至多一題正確,附圖為某資料之分佈圖，此圖資料之偏態（Skewness）值較有可能為下列哪個選項？
B2-004,B2,B2-004.jpeg,B2-001、B2-002、B2-003、B2-004,0,(此題不需圖),❌ 錯配：此題在 PDF 中沒有任何圖片,"累積分佈函數（CumulativeDistributionFunction,CDF）可用於描述隨機變數的機率分佈特性，其數學定義為下列何者？"
B2-039,B2,B2-039.png,,0,(此題不需圖),❌ 錯配：此題在 PDF 中沒有任何圖片,若評估一個新開發的腫瘤分類模型，其資料集中有80%的樣本來自良性病例。若直接使用5-fold交叉驗證（Cross-Validation）進行
B2-040,B2,(無),,1,B2-040.png,❌ 遺漏：PDF 有圖但 CSV 未標記,請參考附圖，下列虛擬程式碼（pseudocode）最可能是在描述何種驗證法？
B2-041,B2,(無),,1,B2-041.png,❌ 遺漏：PDF 有圖但 CSV 未標記,請參考附圖，下列虛擬程式碼（pseudocode）最可能是在描述何種演算法？
B2-042,B2,(無),,1,B2-042.png,❌ 遺漏：PDF 有圖但 CSV 未標記,考慮某生產線每小時出現瑕疵品的個數符合卜瓦松分佈（PoissonDistribution），已知平均每小時產生5個瑕疵品，附圖程式碼展示資料
B2-043,B2,(無),,1,B2-043.png,❌ 遺漏：PDF 有圖但 CSV 未標記,分析師在載入資料後，檢視Year欄位的資料型態，發現它是float64，而非一般年份常用的整數。他想了解這樣的情形為什麼會發生。請問下列哪些
B2-047,B2,(無),,1,B2-047.png,❌ 遺漏：PDF 有圖但 CSV 未標記,研究團隊想要知道在北美地區（NA）銷售成績最好的遊戲前五名，並希望以seaborn的條狀圖呈現結果。請選出能正確完成這項分析的程式碼。
B2-049,B2,(無),,1,B2-049.png,❌ 遺漏：PDF 有圖但 CSV 未標記,參考下圖計算各變數的遺漏值(NaN)個數結果，下列何者正確？選項A:df.isnull().sum()選項B:df.isNaN().sum(
B2-050,B2,(無),,1,B2-050.png,❌ 遺漏：PDF 有圖但 CSV 未標記,"考慮資料集已經填補遺漏值，參考下圖執行結果，下列何者正確？A：空格1完整語法reg=LinearRegression().fit(y,X)B"
B2-051,B2,B2-051.jpeg,B2-051、B2-052、B2-053、B2-098、B2-099,0,(此題不需圖),❌ 錯配：此題在 PDF 中沒有任何圖片,工程師使用盒鬚圖（BoxPlot）比較三個城市的房價分布，觀察到城市A的盒子很短但鬚很長，城市B的盒子很長且對稱，城市C的中位數位置明顯偏向
B2-052,B2,B2-052.jpeg,B2-051、B2-052、B2-053、B2-098、B2-099,1,B2-052.png,⚠️ 與其他題共用同一檔（5 題共用），至多一題正確,下圖為吉尼不純度（GiniImpurity）的計算公式，在決策樹（DecisionTree）中，吉尼不純度用於評估節點分裂的品質。關於吉尼不
B2-053,B2,B2-053.jpeg,B2-051、B2-052、B2-053、B2-098、B2-099,0,(此題不需圖),❌ 錯配：此題在 PDF 中沒有任何圖片,某物流平台要預測「每小時客服來電數量」，資料顯示平均每小時12通，且來電事件彼此獨立，並在固定時間區間內發生率穩定。工程師在選擇機率模型時，
B2-058,B2,(無),,1,B2-058.png,❌ 遺漏：PDF 有圖但 CSV 未標記,某咖啡店聲稱其平均外送時間為36分鐘，母體標準差為16分鐘。顧客保護團體抽樣9筆訂單，發現平均外送時間為40分鐘。若採用右尾Z檢定（H₁:μ
B2-069,B2,(無),,1,B2-069.png,❌ 遺漏：PDF 有圖但 CSV 未標記,下圖表為電商平台某時段的交易紀錄（共8筆訂單），對圖表內的資料執行Apriori演算法，設定最低支援度為3。請問最終保留下來的最大頻繁項目集
B2-070,B2,B2-070.jpeg,B2-070、B2-071,0,(此題不需圖),❌ 錯配：此題在 PDF 中沒有任何圖片,某電信公司的AI反詐欺模型在正常交易佔99.5%、詐欺交易僅佔0.5%的類別嚴重不平衡資料集上訓練。若工程師僅以整體準確率（Accuracy
B2-071,B2,B2-071.jpeg,B2-070、B2-071,0,(此題不需圖),❌ 錯配：此題在 PDF 中沒有任何圖片,某AI平台的資料工程師需要在ApacheSpark叢集上，對包含10億筆使用者行為紀錄的RDD/DataFrame計算整體標準差（Stand
B2-072,B2,B2-072.jpeg,B2-072、B2-073、B2-074,0,(此題不需圖),❌ 錯配：此題在 PDF 中沒有任何圖片,某連鎖便利商店集團欲建立門市未來14天每日銷售額預測模型（500間門市、3年歷史資料）。資料具有明顯的週期性（週末較高）、年度季節性（暑假與
B2-073,B2,B2-073.jpeg,B2-072、B2-073、B2-074,1,B2-073.png,⚠️ 與其他題共用同一檔（3 題共用），至多一題正確,ReceiverOperatingCharacteristic（ROC）曲線係由單一分類模型在不同決策閾值下形成，並以真陽率（TruePos
B2-074,B2,B2-074.jpeg,B2-072、B2-073、B2-074,0,(此題不需圖),❌ 錯配：此題在 PDF 中沒有任何圖片,某AI工程師評估客戶滿意度評分（1–5分，含有明顯離群值）與退款率（連續型比例變數）之間的相關性，考慮使用皮爾森（Pearson）、斯皮爾曼
B2-089,B2,B2-089.jpeg,B2-089、B2-090,1,B2-089.png,⚠️ 與其他題共用同一檔（2 題共用），至多一題正確,在建構自動化資料清洗管線時，工程師撰寫一個用於補齊缺失欄位的Python函式，如下圖所示。當此函式連續處理兩筆獨立的資料（row1與row2
B2-090,B2,B2-090.jpeg,B2-089、B2-090,1,B2-090.png,⚠️ 與其他題共用同一檔（2 題共用），至多一題正確,下圖為一段分類演算法的pseudocode，請問最可能對應下列哪一種演算法？
B2-091,B2,B2-091.png,,1,B2-091.png,✅ 專屬檔案，題號對應正確,資料分析師使用Python檢視daily_earnings欄位的基本統計量，執行以下程式碼（Pandas2以上版本）：輸出結果如下：●mea
B2-092,B2,B2-092.png,B2-092、B2-093、B2-094,0,(此題不需圖),❌ 錯配：此題在 PDF 中沒有任何圖片,承上題，團隊在建立預測模型前，先將region（A、B、C區）轉換為整數1、2、3，即採用標籤編碼（LabelEncoding）。模型上線測
B2-093,B2,B2-093.png,B2-092、B2-093、B2-094,1,B2-093.png,⚠️ 與其他題共用同一檔（3 題共用），至多一題正確,平台安全部門發現，僅有極少數司機（約占總體0.05%）會利用外掛程式竄改gps_ping_rate，以騙取里程補貼。某新進資料科學家訓練了一
B2-094,B2,B2-094.png,B2-092、B2-093、B2-094,0,(此題不需圖),❌ 錯配：此題在 PDF 中沒有任何圖片,針對上述外掛偵測模型，營運長下達最終的商業決策目標如下：「對於作弊行為零容忍。即使誤凍結部分正常司機帳號，後續仍可交由人工覆核；但不能放過任
B2-098,B2,B2-098.jpeg,B2-051、B2-052、B2-053、B2-098、B2-099,0,(此題不需圖),❌ 錯配：此題在 PDF 中沒有任何圖片,在進行機器學習建模前，資料分析師需對特徵變數X進行標準化處理，以消除不同量尺所造成的影響。已知使用StandardScaler進行資料轉換，
B2-099,B2,B2-099.jpeg,B2-051、B2-052、B2-053、B2-098、B2-099,1,B2-099.png,⚠️ 與其他題共用同一檔（5 題共用），至多一題正確,在進行機器學習建模前，資料分析師已完成資料前處理（包含遺漏值處理與特徵標準化），並準備建立分類模型。已知資料流程如下：1.將資料區分為訓練集
B2-100,B2,B2-100.png,,1,B2-100.png,✅ 專屬檔案，題號對應正確,參考下圖程式碼，下列描述何者正確？
B3-038,B3,B3-038.png,B3-038、B3-039、B3-040、B3-041,1,B3-038.png,⚠️ 與其他題共用同一檔（4 題共用），至多一題正確,附圖程式碼所計算的是哪一類型的評估指標？
B3-039,B3,B3-039.png,B3-038、B3-039、B3-040、B3-041,1,B3-039.png,⚠️ 與其他題共用同一檔（4 題共用），至多一題正確,附圖程式碼實現的是哪一種正則化技術？
B3-040,B3,B3-040.png,B3-038、B3-039、B3-040、B3-041,1,B3-040.png,⚠️ 與其他題共用同一檔（4 題共用），至多一題正確,依據附圖程式碼進行資料處理，下列何者正確？
B3-041,B3,B3-041.png,B3-038、B3-039、B3-040、B3-041,1,B3-041.png,⚠️ 與其他題共用同一檔（4 題共用），至多一題正確,考慮擲出骰子並採用MonteCarlo方法估算條件機率，參考附圖程式碼。事件A：擲出偶數事件B：擲出大於3請問下列何者為條件機率P(A∣B)
B3-045,B3,(無),,2,B3-045_p14.png;B3-045_p15.png,❌ 遺漏：PDF 有圖但 CSV 未標記,在實務應用中，我們常使用遷移學習(transferlearning)技巧，即載入預訓練模型（如VGG16），凍結部分層的參數，只針對特定任務
B3-046,B3,B3-046.png,B3-046、B3-047,1,B3-046.png,⚠️ 與其他題共用同一檔（2 題共用），至多一題正確,假設研究人員已將含有雜訊的手寫數字影像存放在變數noisy中。部分資料經視覺化後的外觀如下：他們嘗試使用PCA進行降噪，並希望能保留影像的主
B3-047,B3,B3-047.png,B3-046、B3-047,2,B3-047_p15.png;B3-047_p16.png,⚠️ 與其他題共用同一檔（2 題共用），至多一題正確,研究人員在對digits資料集進行分類時，決定使用KNN並搭配交叉驗證來評估模型準確率。他們撰寫了四組不同的程式碼來進行KNN訓練與交叉驗證
B3-048,B3,B3-048.png,,1,B3-048.png,✅ 專屬檔案，題號對應正確,參考下圖程式碼，下列何者正確？A：X_train-=X_train.mean(axis=0)將每個訓練集特徵的平均值調整為0B：X_trai
B3-049,B3,B3-049.png,B3-049、B3-050,1,B3-049.png,⚠️ 與其他題共用同一檔（2 題共用），至多一題正確,參考下圖執行結果，下列何者正確？
B3-050,B3,B3-050.png,B3-049、B3-050,2,B3-050_p18.png;B3-050_p19.png,⚠️ 與其他題共用同一檔（2 題共用），至多一題正確,"參考下圖執行結果，下列何者正確？A：空格1須填入""b-""B：空格2須填入""b--""C：空格1須填入""r-""D：空格2須填入""r--""E：驗證"
B3-060,B3,B3-060.png,B3-060、B3-090、B3-091,0,(此題不需圖),❌ 錯配：此題在 PDF 中沒有任何圖片,某工程師同時開發兩個模型：一個預測使用者「隔日App使用時長（分鐘）」，另一個預測使用者「隔日是否流失（是/否）」。關於上述兩個任務，他應分
B3-090,B3,B3-090.png,B3-060、B3-090、B3-091,1,B3-090.png,⚠️ 與其他題共用同一檔（3 題共用），至多一題正確,分析師準備建立一個能將手寫數字圖片（28x28像素展平為784維度）分為0~9共10個類別的多層感知機（MLP），且標籤已轉為One-Hot
B3-091,B3,B3-091.png,B3-060、B3-090、B3-091,1,B3-091.png,⚠️ 與其他題共用同一檔（3 題共用），至多一題正確,工程師使用PyTorch建立OCR訓練pipeline，並對手寫字母資料集套用下圖程式進行資料增強（Transform）。模型在訓練過程中顯
B3-092,B3,B3-092.jpeg,B3-092、B3-093,0,(此題不需圖),❌ 錯配：此題在 PDF 中沒有任何圖片,觀察程式中行
B3-093,B3,B3-093.jpeg,B3-092、B3-093,0,(此題不需圖),❌ 錯配：此題在 PDF 中沒有任何圖片,在進行遷移學習微調（Fine-Tuning）時，通常會將優化器的學習率（LearningRate）設得非常小（如1e-4），下列何者為主要的
B3-094,B3,B3-094.png,,1,B3-094.png,✅ 專屬檔案，題號對應正確,研究人員撰寫的程式中（下圖），先用整體資料進行LDA（LinearDiscriminantAnalysis）降維，接著再用KNN（K-Nea
B3-095,B3,B3-095.png,,2,B3-095_p14.png;B3-095_p15.png,✅ 專屬檔案，題號對應正確,研究人員在程式（下圖）中使用cross_val_score進行交叉驗證，但目前尚未設定cv參數。他們希望確保在每次資料分割時，訓練集與測試集
B3-096,B3,B3-096.png,,1,B3-096.png,✅ 專屬檔案，題號對應正確,參考下圖資料處理，下列哪一項描述組合正確？
B3-097,B3,B3-097.png,B3-097、B3-098,1,B3-097.png,⚠️ 與其他題共用同一檔（2 題共用），至多一題正確,參考下圖建立模型結果，下列哪一項描述組合正確？
B3-098,B3,B3-098.png,B3-097、B3-098,1,B3-098.png,⚠️ 與其他題共用同一檔（2 題共用），至多一題正確,參考下圖繪圖結果，當Epochs=6時，訓練曲線值(0.81)明顯大於驗證曲線值(0.72)，下列何者為最可能的原因？
B3-099,B3,B3-099.png,,0,(此題不需圖),❌ 錯配：此題在 PDF 中沒有任何圖片,若團隊需要建立一個超過50層的深層神經網路，以捕捉晶圓表面細微的劃傷特徵，但又擔心傳統深層網路常見的梯度消失（VanishingGradie
B3-100,B3,B3-100.png,,1,B3-100.png,✅ 專屬檔案，題號對應正確,為了修復訓練過程中Loss突然變成NaN的問題，工程師考慮在PyTorch訓練迴圈中加入梯度裁剪（GradientClipping）機制，例
